,Date,Close,Open,High,Low,Fluctuations
0,2023- 03- 01,104.48,105.04,105.09,104.09,-0.37%
1,2023- 02- 28,104.87,104.63,105.0,104.42,0.19%
2,2023- 02- 27,104.67,105.26,105.36,104.55,-0.51%
3,2023- 02- 24,105.21,104.56,105.32,104.42,0.59%
4,2023- 02- 23,104.6,104.5,104.78,104.31,0.01%
5,2023- 02- 22,104.58,104.13,104.6,104.01,0.39%
6,2023- 02- 21,104.18,103.91,104.26,103.77,0.31%
7,2023- 02- 20,103.86,103.88,104.09,103.76,0.00%
8,2023- 02- 17,103.86,104.2,104.67,103.84,0.01%
9,2023- 02- 16,103.86,103.88,104.23,103.53,-0.06%
10,2023- 02- 15,103.92,103.21,104.11,103.16,0.67%
11,2023- 02- 14,103.23,103.22,103.52,102.59,-0.11%
12,2023- 02- 13,103.35,103.58,103.84,103.24,-0.28%
13,2023- 02- 10,103.63,103.25,103.68,102.9,0.40%
14,2023- 02- 09,103.22,103.43,103.55,102.64,-0.18%
15,2023- 02- 08,103.41,103.27,103.52,103.0,-0.02%
16,2023- 02- 07,103.43,103.54,103.96,103.0,-0.19%
17,2023- 02- 06,103.62,103.1,103.76,103.01,0.69%
18,2023- 02- 03,102.92,101.83,103.01,101.55,1.14%
19,2023- 02- 02,101.75,100.85,101.91,100.82,0.53%
20,2023- 02- 01,101.22,102.1,102.18,101.04,-0.86%
21,2023- 01- 31,102.1,102.19,102.61,102.01,-0.18%
22,2023- 01- 30,102.28,101.92,102.31,101.66,0.34%
23,2023- 01- 27,101.93,101.71,102.19,101.68,0.09%
24,2023- 01- 26,101.84,101.58,102.18,101.5,0.19%
25,2023- 01- 25,101.64,102.0,102.12,101.58,-0.27%
26,2023- 01- 24,101.92,101.99,102.43,101.72,-0.22%
27,2023- 01- 23,102.14,101.99,102.28,101.59,0.12%
28,2023- 01- 20,102.01,102.07,102.55,101.94,-0.05%
29,2023- 01- 19,102.06,102.38,102.48,101.99,-0.30%
30,2023- 01- 18,102.36,102.46,102.9,101.53,-0.03%
31,2023- 01- 17,102.39,102.32,102.56,101.94,0.12%
32,2023- 01- 16,102.27,102.18,102.56,101.77,0.06%
33,2023- 01- 13,102.2,102.21,102.65,101.99,-0.04%
34,2023- 01- 12,102.25,103.06,103.29,102.08,-0.91%
35,2023- 01- 11,103.19,103.22,103.48,103.11,-0.05%
36,2023- 01- 10,103.24,103.29,103.49,103.03,0.23%
37,2023- 01- 09,103.0,103.91,103.93,102.94,-0.85%
38,2023- 01- 06,103.88,105.05,105.63,103.87,-1.11%
39,2023- 01- 05,105.04,104.07,105.27,103.99,0.76%
40,2023- 01- 04,104.25,104.58,104.6,103.83,-0.26%
41,2023- 01- 03,104.52,103.66,104.86,103.47,0.99%
42,2023- 01- 01,103.49,103.49,103.49,103.49,-0.03%
43,2022- 12- 30,103.52,103.95,104.1,103.39,-0.30%
44,2022- 12- 29,103.84,104.37,104.45,103.78,-0.60%
45,2022- 12- 28,104.46,104.33,104.56,103.85,0.27%
46,2022- 12- 27,104.18,104.12,104.4,103.89,-0.14%
47,2022- 12- 25,104.32,104.32,104.32,104.32,0.01%
48,2022- 12- 23,104.31,104.39,104.54,104.12,-0.11%
49,2022- 12- 22,104.43,104.22,104.6,103.75,0.26%
50,2022- 12- 21,104.16,103.95,104.38,103.85,0.19%
51,2022- 12- 20,103.96,104.73,104.79,103.78,-0.72%
52,2022- 12- 19,104.72,104.84,104.93,104.13,0.02%
53,2022- 12- 16,104.7,104.45,104.84,104.21,0.14%
54,2022- 12- 15,104.56,103.67,104.88,103.54,0.76%
55,2022- 12- 14,103.77,104.07,104.16,103.45,-0.20%
56,2022- 12- 13,103.98,104.99,105.1,103.59,-1.09%
57,2022- 12- 12,105.13,104.93,105.25,104.67,0.31%
58,2022- 12- 09,104.81,104.86,105.14,104.48,0.03%
59,2022- 12- 08,104.77,105.2,105.43,104.72,-0.31%
60,2022- 12- 07,105.1,105.63,105.82,104.88,-0.45%
61,2022- 12- 06,105.58,105.16,105.63,104.89,0.27%
62,2022- 12- 05,105.29,104.51,105.4,104.11,0.71%
63,2022- 12- 02,104.54,104.82,105.58,104.38,-0.17%
64,2022- 12- 01,104.73,105.7,105.9,104.66,-1.15%
65,2022- 11- 30,105.95,106.72,107.19,105.78,-0.82%
66,2022- 11- 29,106.82,106.57,106.88,106.06,0.13%
67,2022- 11- 28,106.68,106.06,106.75,105.32,0.68%
68,2022- 11- 25,105.96,105.96,106.42,105.69,0.13%
69,2022- 11- 24,105.82,105.99,106.08,105.63,-0.24%
70,2022- 11- 23,106.08,107.08,107.22,106.03,-1.07%
71,2022- 11- 22,107.22,107.7,107.75,107.12,-0.57%
72,2022- 11- 21,107.83,106.97,107.99,106.89,0.85%
73,2022- 11- 18,106.93,106.69,107.04,106.34,0.22%
74,2022- 11- 17,106.69,106.27,107.24,106.1,0.39%
75,2022- 11- 16,106.28,106.58,106.78,105.86,-0.12%
76,2022- 11- 15,106.4,107.0,107.1,105.34,-0.24%
77,2022- 11- 14,106.66,106.42,107.27,106.48,0.35%
78,2022- 11- 11,106.29,108.24,108.44,106.28,-1.77%
79,2022- 11- 10,108.21,110.3,110.99,107.71,-2.12%
80,2022- 11- 09,110.55,109.65,110.64,109.45,0.83%
81,2022- 11- 08,109.64,110.06,110.61,109.37,-0.44%
82,2022- 11- 07,110.12,110.79,111.27,110.05,-0.68%
83,2022- 11- 04,110.88,112.97,112.99,110.71,-1.82%
84,2022- 11- 03,112.93,112.17,113.15,111.82,1.42%
85,2022- 11- 02,111.35,111.54,112.15,110.43,-0.12%
86,2022- 11- 01,111.48,111.52,111.78,110.72,-0.04%
87,2022- 10- 31,111.53,110.67,111.67,110.72,0.70%
88,2022- 10- 28,110.75,110.5,111.04,110.29,0.15%
89,2022- 10- 27,110.59,109.62,110.62,109.54,0.81%
90,2022- 10- 26,109.7,110.96,111.14,109.63,-1.13%
91,2022- 10- 25,110.95,111.82,112.13,110.76,-0.93%
92,2022- 10- 24,111.99,111.88,112.53,111.47,-0.02%
93,2022- 10- 21,112.01,112.94,113.94,111.7,-0.77%
94,2022- 10- 20,112.88,112.99,113.09,112.17,-0.09%
95,2022- 10- 19,112.98,111.91,113.1,111.92,0.76%
96,2022- 10- 18,112.13,112.07,112.46,111.77,0.08%
97,2022- 10- 17,112.04,113.22,113.22,111.92,-1.12%
98,2022- 10- 14,113.31,112.47,113.42,112.16,0.84%
99,2022- 10- 13,112.36,113.24,113.92,112.15,-0.84%
100,2022- 10- 12,113.32,113.31,113.59,113.05,0.09%
101,2022- 10- 11,113.22,113.08,113.5,112.41,0.07%
102,2022- 10- 10,113.14,112.75,113.33,112.62,0.31%
103,2022- 10- 07,112.79,112.25,112.88,111.95,0.48%
104,2022- 10- 06,112.26,111.02,112.31,110.78,1.07%
105,2022- 10- 05,111.07,110.22,111.74,110.09,0.92%
106,2022- 10- 04,110.07,111.59,111.89,110.06,-1.50%
107,2022- 10- 03,111.75,112.17,112.54,111.47,-0.33%
108,2022- 09- 30,112.12,111.75,112.67,111.58,-0.12%
109,2022- 09- 29,112.25,113.01,113.79,111.77,-0.31%
110,2022- 09- 28,112.6,114.18,114.78,112.56,-1.32%
111,2022- 09- 27,114.11,114.02,114.47,113.33,0.00%
112,2022- 09- 26,114.1,113.02,114.53,112.94,0.80%
113,2022- 09- 23,113.19,111.24,113.23,111.08,1.65%
114,2022- 09- 22,111.35,111.48,111.81,110.46,0.64%
115,2022- 09- 21,110.64,110.16,111.58,110.13,0.39%
116,2022- 09- 20,110.21,109.58,110.29,109.36,0.44%
117,2022- 09- 19,109.74,109.64,110.18,109.49,-0.02%
118,2022- 09- 16,109.76,109.8,110.26,109.47,0.02%
119,2022- 09- 15,109.74,109.61,109.92,109.42,0.07%
120,2022- 09- 14,109.66,109.97,109.93,109.28,-0.14%
121,2022- 09- 13,109.82,108.23,110.01,107.68,1.37%
122,2022- 09- 12,108.33,108.6,108.86,107.81,-0.62%
123,2022- 09- 09,109.0,109.57,109.54,108.36,-0.64%
124,2022- 09- 08,109.71,109.67,110.24,109.33,-0.12%
125,2022- 09- 07,109.84,110.32,110.79,109.53,-0.34%
126,2022- 09- 06,110.21,109.6,110.55,109.38,0.35%
127,2022- 09- 05,109.83,109.61,110.27,109.72,0.27%
128,2022- 09- 02,109.53,109.64,109.72,108.93,-0.14%
129,2022- 09- 01,109.69,108.84,109.98,108.77,0.91%
130,2022- 08- 31,108.7,108.75,109.2,108.38,-0.07%
131,2022- 08- 30,108.77,108.7,109.11,108.29,-0.06%
132,2022- 08- 29,108.83,108.84,109.48,108.49,0.03%
133,2022- 08- 26,108.8,108.47,108.87,107.59,0.31%
134,2022- 08- 25,108.47,108.63,108.69,107.99,-0.19%
135,2022- 08- 24,108.68,108.52,109.11,108.36,0.05%
136,2022- 08- 23,108.62,109.0,109.27,108.08,-0.39%
137,2022- 08- 22,109.05,108.1,109.1,108.08,0.81%
138,2022- 08- 19,108.17,107.5,108.21,107.47,0.64%
139,2022- 08- 18,107.48,106.68,107.56,106.5,0.85%
140,2022- 08- 17,106.57,106.45,106.89,106.31,0.07%
141,2022- 08- 16,106.5,106.48,106.94,106.32,-0.04%
142,2022- 08- 15,106.55,105.67,106.55,105.55,0.87%
143,2022- 08- 12,105.63,105.16,105.88,105.09,0.51%
144,2022- 08- 11,105.09,105.21,105.46,104.65,-0.10%
145,2022- 08- 10,105.2,106.34,106.4,104.64,-1.11%
146,2022- 08- 09,106.37,106.33,106.41,105.97,-0.06%
147,2022- 08- 08,106.43,106.58,106.8,106.09,-0.17%
148,2022- 08- 05,106.62,105.72,106.93,105.69,0.88%
149,2022- 08- 04,105.69,106.48,106.51,105.67,-0.76%
150,2022- 08- 03,106.51,106.43,106.82,105.97,0.25%
151,2022- 08- 02,106.24,105.36,106.35,105.05,0.75%
152,2022- 08- 01,105.45,105.83,106.03,105.24,-0.43%
153,2022- 07- 29,105.9,106.21,106.66,105.54,-0.42%
154,2022- 07- 28,106.35,106.37,106.97,106.06,-0.09%
155,2022- 07- 27,106.45,107.13,107.43,106.26,-0.69%
156,2022- 07- 26,107.19,106.45,107.28,106.2,0.66%
157,2022- 07- 25,106.48,106.54,106.88,106.19,-0.23%
158,2022- 07- 22,106.73,106.59,107.36,106.11,-0.17%
159,2022- 07- 21,106.91,107.08,107.32,106.42,-0.16%
160,2022- 07- 20,107.08,106.67,107.25,106.39,0.37%
161,2022- 07- 19,106.68,107.49,107.63,106.4,-0.64%
162,2022- 07- 18,107.37,107.98,108.04,106.89,-0.64%
163,2022- 07- 15,108.06,108.67,108.71,107.91,-0.44%
164,2022- 07- 14,108.54,108.14,109.29,108.14,0.54%
165,2022- 07- 13,107.96,108.18,108.58,107.48,-0.11%
166,2022- 07- 12,108.07,108.18,108.56,107.84,0.05%
167,2022- 07- 11,108.02,106.89,108.27,106.92,0.95%
168,2022- 07- 08,107.01,107.04,107.79,106.81,-0.11%
169,2022- 07- 07,107.13,107.07,107.24,106.71,0.03%
170,2022- 07- 06,107.1,106.49,107.26,106.36,0.53%
171,2022- 07- 05,106.54,105.14,106.79,105.05,1.33%
172,2022- 07- 04,105.14,105.12,105.25,104.82,0.00%
173,2022- 07- 01,105.14,104.78,105.64,104.74,0.43%
174,2022- 06- 30,104.68,105.06,105.54,104.64,-0.40%
175,2022- 06- 29,105.11,104.46,105.15,104.36,0.57%
176,2022- 06- 28,104.51,103.97,104.61,103.77,0.55%
177,2022- 06- 27,103.94,104.12,104.21,103.67,-0.24%
178,2022- 06- 24,104.18,104.38,104.51,103.95,-0.24%
179,2022- 06- 23,104.43,104.21,104.77,104.06,0.22%
180,2022- 06- 22,104.2,104.43,104.95,103.86,-0.23%
181,2022- 06- 21,104.43,104.44,104.54,103.94,-0.25%
182,2022- 06- 20,104.7,104.65,104.82,104.23,0.00%
183,2022- 06- 17,104.7,103.88,105.08,103.83,1.03%
184,2022- 06- 16,103.63,104.9,105.49,103.42,-1.45%
185,2022- 06- 15,105.16,105.35,105.79,104.66,-0.34%
186,2022- 06- 14,105.52,105.19,105.65,104.62,0.42%
187,2022- 06- 13,105.08,104.19,105.29,104.21,0.89%
188,2022- 06- 10,104.15,103.34,104.23,103.05,0.90%
189,2022- 06- 09,103.22,102.56,103.37,102.15,0.66%
190,2022- 06- 08,102.54,102.39,102.78,102.27,0.22%
191,2022- 06- 07,102.32,102.49,102.84,102.26,-0.12%
192,2022- 06- 06,102.44,102.17,102.47,101.85,0.29%
193,2022- 06- 03,102.14,101.75,102.22,101.64,0.31%
194,2022- 06- 02,101.82,102.55,102.62,101.74,-0.66%
195,2022- 06- 01,102.5,101.76,102.73,101.74,0.73%
196,2022- 05- 31,101.75,101.43,102.17,101.41,0.08%
197,2022- 05- 30,101.67,101.64,101.72,101.3,0.00%
198,2022- 05- 27,101.67,101.72,101.94,101.43,-0.16%
199,2022- 05- 26,101.83,102.02,102.27,101.74,-0.22%
200,2022- 05- 25,102.06,101.77,102.45,101.73,0.20%
201,2022- 05- 24,101.86,102.11,102.32,101.65,-0.21%
202,2022- 05- 23,102.08,103.03,103.05,102.04,-1.04%
203,2022- 05- 20,103.15,102.9,103.26,102.77,0.41%
204,2022- 05- 19,102.72,103.83,103.88,102.66,-1.05%
205,2022- 05- 18,103.81,103.34,103.93,103.19,0.44%
206,2022- 05- 17,103.36,104.17,104.23,103.23,-0.79%
207,2022- 05- 16,104.19,104.46,104.64,104.14,-0.36%
208,2022- 05- 13,104.56,104.77,105.0,104.46,-0.27%
209,2022- 05- 12,104.85,104.01,104.93,103.88,0.97%
210,2022- 05- 11,103.85,103.9,104.11,103.37,-0.07%
211,2022- 05- 10,103.92,103.73,103.98,103.5,0.26%
212,2022- 05- 09,103.65,103.66,104.19,103.39,-0.01%
213,2022- 05- 06,103.66,103.56,104.06,103.19,-0.09%
214,2022- 05- 05,103.75,102.68,103.94,102.35,1.14%
215,2022- 05- 04,102.59,103.46,103.61,102.46,-0.85%
216,2022- 05- 03,103.46,103.6,103.67,103.03,-0.27%
217,2022- 05- 02,103.74,103.21,103.75,103.11,0.76%
218,2022- 04- 29,102.96,103.67,103.67,102.82,-0.64%
219,2022- 04- 28,103.62,103.04,103.93,102.98,0.65%
220,2022- 04- 27,102.95,102.28,103.28,102.22,0.64%
221,2022- 04- 26,102.3,101.73,102.36,101.51,0.54%
222,2022- 04- 25,101.75,101.12,101.86,101.04,0.53%
223,2022- 04- 22,101.22,100.62,101.33,100.47,0.64%
224,2022- 04- 21,100.58,100.35,100.64,99.82,0.19%
225,2022- 04- 20,100.39,100.98,101.04,100.22,-0.57%
226,2022- 04- 19,100.96,100.83,101.03,100.7,0.18%
227,2022- 04- 18,100.78,100.5,100.86,100.46,0.46%
228,2022- 04- 15,100.32,100.42,100.57,100.32,0.00%
229,2022- 04- 14,100.32,99.79,100.76,99.57,0.45%
230,2022- 04- 13,99.88,100.34,100.52,99.83,-0.42%
231,2022- 04- 12,100.29,100.04,100.33,99.74,0.36%
232,2022- 04- 11,99.93,99.84,100.05,99.61,0.14%
233,2022- 04- 08,99.8,99.82,100.19,99.74,0.05%
234,2022- 04- 07,99.75,99.65,99.83,99.4,0.15%
235,2022- 04- 06,99.6,99.47,99.77,99.31,0.13%
236,2022- 04- 05,99.47,99.0,99.52,98.84,0.48%
237,2022- 04- 04,99.0,98.57,99.08,98.52,0.37%
238,2022- 04- 01,98.63,98.33,98.74,98.31,0.33%
239,2022- 03- 31,98.31,97.83,98.4,97.69,0.53%
240,2022- 03- 30,97.79,98.37,98.43,97.68,-0.62%
241,2022- 03- 29,98.4,99.08,99.29,98.04,-0.69%
242,2022- 03- 28,99.09,98.81,99.37,98.8,0.31%
243,2022- 03- 25,98.79,98.75,98.83,98.4,0.00%
244,2022- 03- 24,98.79,98.64,98.96,98.6,0.17%
245,2022- 03- 23,98.62,98.47,98.88,98.39,0.13%
246,2022- 03- 22,98.49,98.49,98.96,98.32,-0.01%
247,2022- 03- 21,98.5,98.24,98.53,98.16,0.27%
248,2022- 03- 18,98.23,98.0,98.62,97.84,0.26%
249,2022- 03- 17,97.97,98.5,98.51,97.73,-0.65%
250,2022- 03- 16,98.62,98.89,99.08,98.29,-0.48%
251,2022- 03- 15,99.1,99.13,99.2,98.64,0.10%
252,2022- 03- 14,99.0,99.13,99.29,98.68,-0.13%
253,2022- 03- 11,99.12,98.36,99.16,98.27,0.63%
254,2022- 03- 10,98.51,98.06,98.6,97.71,0.55%
255,2022- 03- 09,97.97,99.12,99.12,97.85,-1.10%
256,2022- 03- 08,99.06,99.24,99.32,98.71,-0.23%
257,2022- 03- 07,99.29,98.51,99.42,98.51,0.65%
258,2022- 03- 04,98.65,98.04,98.92,97.84,0.88%
259,2022- 03- 03,97.79,97.47,97.95,97.43,0.41%
260,2022- 03- 02,97.39,97.37,97.83,97.29,-0.02%
261,2022- 03- 01,97.41,96.76,97.58,96.63,0.73%
262,2022- 02- 28,96.71,96.54,97.42,96.54,0.10%
263,2022- 02- 25,96.61,97.0,97.22,96.52,-0.54%
264,2022- 02- 24,97.14,96.22,97.74,96.22,0.98%
265,2022- 02- 23,96.19,96.04,96.24,95.85,0.17%
266,2022- 02- 22,96.03,96.08,96.26,95.84,-0.06%
267,2022- 02- 21,96.08,96.11,96.15,95.69,0.04%
268,2022- 02- 18,96.04,95.83,96.17,95.73,0.25%
269,2022- 02- 17,95.8,95.77,96.11,95.71,0.10%
270,2022- 02- 16,95.7,96.01,96.06,95.68,-0.30%
271,2022- 02- 15,95.99,96.24,96.29,95.96,-0.40%
272,2022- 02- 14,96.37,96.03,96.43,95.91,0.30%
273,2022- 02- 11,96.08,95.94,96.11,95.64,0.55%
274,2022- 02- 10,95.55,95.57,96.0,95.17,0.06%
275,2022- 02- 09,95.49,95.59,95.67,95.38,-0.16%
276,2022- 02- 08,95.64,95.43,95.75,95.4,0.26%
277,2022- 02- 07,95.4,95.48,95.63,95.35,-0.09%
278,2022- 02- 04,95.49,95.31,95.7,95.14,0.11%
279,2022- 02- 03,95.38,96.02,96.25,95.24,-0.58%
280,2022- 02- 02,95.94,96.27,96.3,95.81,-0.47%
281,2022- 02- 01,96.39,96.7,96.72,96.24,-0.16%
282,2022- 01- 31,96.54,97.22,97.3,96.52,-0.75%
283,2022- 01- 28,97.27,97.25,97.44,97.06,0.02%
284,2022- 01- 27,97.25,96.54,97.29,96.53,0.90%
285,2022- 01- 26,96.39,95.96,96.54,95.91,0.46%
286,2022- 01- 25,95.95,95.93,96.27,95.9,0.03%
287,2022- 01- 24,95.92,95.64,96.13,95.63,0.29%
288,2022- 01- 21,95.64,95.81,95.84,95.5,-0.10%
289,2022- 01- 20,95.74,95.59,95.86,95.42,0.24%
290,2022- 01- 19,95.51,95.77,95.79,95.49,-0.23%
291,2022- 01- 18,95.73,95.22,95.83,95.13,0.50%
292,2022- 01- 17,95.26,95.17,95.35,95.04,0.10%
293,2022- 01- 14,95.17,94.87,95.27,94.63,0.40%
294,2022- 01- 13,94.79,94.99,95.02,94.66,-0.13%
295,2022- 01- 12,94.92,95.58,95.69,94.91,-0.74%
296,2022- 01- 11,95.62,95.93,96.07,95.58,-0.38%
297,2022- 01- 10,95.99,95.74,96.23,95.74,0.28%
298,2022- 01- 07,95.72,96.26,96.29,95.71,-0.62%
299,2022- 01- 06,96.32,96.2,96.39,96.04,0.15%
300,2022- 01- 05,96.17,96.31,96.33,95.89,-0.09%
301,2022- 01- 04,96.26,96.19,96.46,96.03,0.05%
302,2022- 01- 03,96.21,95.67,96.33,95.63,0.26%
303,2021- 12- 31,95.97,95.99,96.11,95.57,0.00%
304,2021- 12- 30,95.97,95.89,96.22,95.86,0.04%
305,2021- 12- 29,95.93,96.15,96.39,95.76,-0.28%
306,2021- 12- 28,96.2,96.07,96.28,96.0,0.11%
307,2021- 12- 27,96.09,96.15,96.26,96.05,0.08%
308,2021- 12- 23,96.02,96.03,96.28,95.99,-0.06%
309,2021- 12- 22,96.08,96.47,96.6,96.02,-0.43%
310,2021- 12- 21,96.49,96.54,96.64,96.34,-0.06%
311,2021- 12- 20,96.55,96.67,96.69,96.33,-0.01%
312,2021- 12- 17,96.57,96.0,96.69,95.88,0.54%
313,2021- 12- 16,96.04,96.43,96.45,95.85,-0.49%
314,2021- 12- 15,96.51,96.55,96.91,96.3,-0.06%
315,2021- 12- 14,96.57,96.35,96.59,96.1,0.26%
316,2021- 12- 13,96.32,96.05,96.44,96.05,0.23%
317,2021- 12- 10,96.1,96.21,96.43,95.98,-0.18%
318,2021- 12- 09,96.27,95.96,96.34,95.96,0.39%
319,2021- 12- 08,95.89,96.26,96.38,95.85,-0.49%
320,2021- 12- 07,96.37,96.3,96.59,96.17,0.04%
321,2021- 12- 06,96.33,96.15,96.43,96.13,0.22%
322,2021- 12- 03,96.12,96.12,96.45,95.97,-0.04%
323,2021- 12- 02,96.16,96.07,96.18,95.83,0.13%
324,2021- 12- 01,96.03,95.94,96.14,95.67,0.04%
325,2021- 11- 30,95.99,96.22,96.64,95.52,-0.36%
326,2021- 11- 29,96.34,96.07,96.44,96.07,0.26%
327,2021- 11- 26,96.09,96.72,96.77,95.75,-0.71%
328,2021- 11- 25,96.77,96.81,96.82,96.65,-0.10%
329,2021- 11- 24,96.88,96.53,96.94,96.43,0.40%
330,2021- 11- 23,96.49,96.46,96.61,96.31,-0.06%
331,2021- 11- 22,96.55,96.07,96.55,96.04,0.54%
332,2021- 11- 19,96.03,95.58,96.24,95.58,0.51%
333,2021- 11- 18,95.54,95.8,95.84,95.52,-0.30%
334,2021- 11- 17,95.83,95.94,96.24,95.73,-0.09%
335,2021- 11- 16,95.92,95.47,95.98,95.4,0.53%
336,2021- 11- 15,95.41,95.12,95.6,94.97,0.29%
337,2021- 11- 12,95.13,95.18,95.26,95.0,-0.05%
338,2021- 11- 11,95.18,94.84,95.2,94.84,0.35%
339,2021- 11- 10,94.85,93.98,94.9,93.97,0.95%
340,2021- 11- 09,93.96,94.09,94.15,93.88,-0.10%
341,2021- 11- 08,94.05,94.25,94.38,93.99,-0.29%
342,2021- 11- 05,94.32,94.34,94.62,94.19,-0.03%
343,2021- 11- 04,94.35,93.86,94.47,93.82,0.51%
344,2021- 11- 03,93.86,94.12,94.21,93.82,-0.24%
345,2021- 11- 02,94.09,93.93,94.13,93.82,0.22%
346,2021- 11- 01,93.88,94.13,94.31,93.86,-0.26%
347,2021- 10- 29,94.12,93.36,94.3,93.32,0.83%
348,2021- 10- 28,93.35,93.88,93.97,93.28,-0.49%
349,2021- 10- 27,93.8,93.97,94.01,93.69,-0.16%
350,2021- 10- 26,93.95,93.84,94.02,93.71,0.14%
351,2021- 10- 25,93.81,93.66,93.96,93.48,0.18%
352,2021- 10- 22,93.64,93.75,93.79,93.54,-0.14%
353,2021- 10- 21,93.77,93.58,93.79,93.5,0.23%
354,2021- 10- 20,93.56,93.81,93.88,93.54,-0.19%
355,2021- 10- 19,93.73,93.95,93.95,93.5,-0.23%
356,2021- 10- 18,93.95,93.95,94.17,93.87,0.02%
357,2021- 10- 15,93.94,94.03,94.07,93.85,-0.02%
358,2021- 10- 14,93.96,94.02,94.09,93.76,-0.13%
359,2021- 10- 13,94.08,94.52,94.53,94.0,-0.46%
360,2021- 10- 12,94.52,94.37,94.56,94.23,0.21%
361,2021- 10- 11,94.32,94.1,94.4,94.03,0.26%
362,2021- 10- 08,94.07,94.21,94.34,93.94,-0.16%
363,2021- 10- 07,94.22,94.23,94.28,94.08,-0.05%
364,2021- 10- 06,94.27,93.99,94.45,93.98,0.31%
365,2021- 10- 05,93.97,93.83,94.07,93.81,0.21%
366,2021- 10- 04,93.78,94.07,94.1,93.68,-0.28%
367,2021- 10- 01,94.04,94.31,94.39,93.99,-0.21%
368,2021- 09- 30,94.23,94.35,94.5,94.11,-0.11%
369,2021- 09- 29,94.34,93.72,94.43,93.67,0.61%
370,2021- 09- 28,93.77,93.41,93.81,93.36,0.41%
371,2021- 09- 27,93.38,93.28,93.49,93.21,0.06%
372,2021- 09- 24,93.33,93.07,93.42,93.05,0.32%
373,2021- 09- 23,93.03,93.48,93.52,92.98,-0.46%
374,2021- 09- 22,93.46,93.22,93.51,92.99,0.28%
375,2021- 09- 21,93.2,93.24,93.29,93.05,-0.08%
376,2021- 09- 20,93.28,93.25,93.45,93.18,0.09%
377,2021- 09- 17,93.19,92.88,93.25,92.76,0.28%
378,2021- 09- 16,92.93,92.46,92.96,92.46,0.41%
379,2021- 09- 15,92.55,92.68,92.68,92.42,-0.08%
380,2021- 09- 14,92.62,92.62,92.68,92.32,-0.06%
381,2021- 09- 13,92.68,92.61,92.89,92.57,0.10%
382,2021- 09- 10,92.58,92.53,92.65,92.33,0.11%
383,2021- 09- 09,92.48,92.71,92.76,92.38,-0.19%
384,2021- 09- 08,92.65,92.54,92.86,92.47,0.15%
385,2021- 09- 07,92.51,92.2,92.57,92.1,0.52%
386,2021- 09- 06,92.04,92.12,92.31,92.04,0.00%
387,2021- 09- 03,92.04,92.22,92.26,91.95,-0.21%
388,2021- 09- 02,92.22,92.51,92.54,92.21,-0.24%
389,2021- 09- 01,92.45,92.66,92.79,92.38,-0.19%
390,2021- 08- 31,92.63,92.71,92.75,92.4,-0.03%
391,2021- 08- 30,92.65,92.68,92.79,92.6,-0.04%
392,2021- 08- 27,92.69,93.03,93.18,92.63,-0.40%
393,2021- 08- 26,93.06,92.83,93.08,92.81,0.26%
394,2021- 08- 25,92.82,92.88,93.13,92.81,-0.07%
395,2021- 08- 24,92.89,92.99,93.08,92.81,-0.07%
396,2021- 08- 23,92.96,93.46,93.5,92.95,-0.58%
397,2021- 08- 20,93.5,93.56,93.73,93.43,-0.08%
398,2021- 08- 19,93.57,93.14,93.58,93.14,0.46%
399,2021- 08- 18,93.14,93.14,93.26,92.96,0.01%
400,2021- 08- 17,93.13,92.62,93.17,92.61,0.54%
401,2021- 08- 16,92.63,92.52,92.66,92.48,0.12%
402,2021- 08- 13,92.52,92.97,93.01,92.47,-0.56%
403,2021- 08- 12,93.04,92.89,93.04,92.85,0.12%
404,2021- 08- 11,92.92,93.07,93.19,92.8,-0.14%
405,2021- 08- 10,93.06,92.98,93.14,92.94,0.12%
406,2021- 08- 09,92.94,92.78,92.99,92.72,0.16%
407,2021- 08- 06,92.8,92.26,92.84,92.26,0.60%
408,2021- 08- 05,92.24,92.28,92.35,92.11,-0.03%
409,2021- 08- 04,92.27,92.04,92.31,91.82,0.21%
410,2021- 08- 03,92.08,92.06,92.15,91.89,0.04%
411,2021- 08- 02,92.05,92.09,92.17,91.91,-0.14%
412,2021- 07- 30,92.17,91.85,92.2,91.78,0.34%
413,2021- 07- 29,91.86,92.26,92.29,91.86,-0.50%
414,2021- 07- 28,92.32,92.46,92.75,92.24,-0.12%
415,2021- 07- 27,92.43,92.63,92.84,92.32,-0.23%
416,2021- 07- 26,92.65,92.91,92.96,92.53,-0.28%
417,2021- 07- 23,92.91,92.81,93.02,92.78,0.10%
418,2021- 07- 22,92.82,92.8,92.92,92.51,0.07%
419,2021- 07- 21,92.75,92.97,93.19,92.73,-0.24%
420,2021- 07- 20,92.97,92.88,93.17,92.8,0.09%
421,2021- 07- 19,92.89,92.71,93.04,92.64,0.22%
422,2021- 07- 16,92.69,92.59,92.76,92.53,0.07%
423,2021- 07- 15,92.62,92.39,92.69,92.27,0.23%
424,2021- 07- 14,92.41,92.8,92.83,92.35,-0.37%
425,2021- 07- 13,92.75,92.23,92.81,92.14,0.53%
426,2021- 07- 12,92.26,92.1,92.42,92.08,0.14%
427,2021- 07- 09,92.13,92.36,92.54,92.09,-0.31%
428,2021- 07- 08,92.42,92.7,92.79,92.24,-0.25%
429,2021- 07- 07,92.64,92.53,92.85,92.43,0.11%
430,2021- 07- 06,92.55,92.24,92.66,92.0,0.36%
431,2021- 07- 05,92.21,92.24,92.36,92.14,-0.02%
432,2021- 07- 02,92.23,92.57,92.74,92.18,-0.40%
433,2021- 07- 01,92.6,92.35,92.6,92.26,0.17%
434,2021- 06- 30,92.44,92.08,92.45,92.0,0.42%
435,2021- 06- 29,92.05,91.88,92.19,91.86,0.18%
436,2021- 06- 28,91.89,91.81,92.01,91.7,0.04%
437,2021- 06- 25,91.85,91.83,91.88,91.53,0.04%
438,2021- 06- 24,91.81,91.8,91.91,91.66,0.01%
439,2021- 06- 23,91.8,91.73,91.9,91.51,0.05%
440,2021- 06- 22,91.76,91.88,92.14,91.64,-0.16%
441,2021- 06- 21,91.9,92.32,92.37,91.83,-0.35%
442,2021- 06- 18,92.22,91.88,92.4,91.81,0.37%
443,2021- 06- 17,91.89,91.43,92.01,91.31,0.83%
444,2021- 06- 16,91.13,90.54,91.4,90.44,0.65%
445,2021- 06- 15,90.54,90.48,90.68,90.35,0.02%
446,2021- 06- 14,90.52,90.51,90.6,90.41,-0.04%
447,2021- 06- 11,90.56,90.07,90.61,89.96,0.53%
448,2021- 06- 10,90.07,90.14,90.31,89.98,-0.05%
449,2021- 06- 09,90.12,90.13,90.17,89.84,0.05%
450,2021- 06- 08,90.08,89.99,90.18,89.96,0.14%
451,2021- 06- 07,89.95,90.13,90.3,89.91,-0.21%
452,2021- 06- 04,90.14,90.47,90.63,90.03,-0.42%
453,2021- 06- 03,90.51,89.93,90.55,89.89,0.67%
454,2021- 06- 02,89.91,89.92,90.25,89.86,0.09%
455,2021- 06- 01,89.83,89.81,89.94,89.66,-0.22%
456,2021- 05- 31,90.03,90.06,90.12,89.82,0.00%
457,2021- 05- 28,90.03,90.03,90.44,89.98,0.07%
458,2021- 05- 27,89.97,90.08,90.18,89.89,-0.08%
459,2021- 05- 26,90.04,89.69,90.11,89.59,0.45%
460,2021- 05- 25,89.64,89.85,89.87,89.54,-0.23%
461,2021- 05- 24,89.84,90.03,90.1,89.76,-0.19%
462,2021- 05- 21,90.02,89.78,90.15,89.65,0.23%
463,2021- 05- 20,89.81,90.21,90.23,89.75,-0.42%
464,2021- 05- 19,90.19,89.78,90.29,89.69,0.49%
465,2021- 05- 18,89.75,90.18,90.2,89.69,-0.46%
466,2021- 05- 17,90.16,90.3,90.43,90.15,-0.17%
467,2021- 05- 14,90.32,90.76,90.8,90.28,-0.47%
468,2021- 05- 13,90.75,90.75,90.91,90.59,0.04%
469,2021- 05- 12,90.71,90.19,90.8,90.16,0.63%
470,2021- 05- 11,90.14,90.24,90.36,89.98,-0.08%
471,2021- 05- 10,90.21,90.23,90.34,90.04,-0.02%
472,2021- 05- 07,90.23,90.88,90.96,90.19,-0.79%
473,2021- 05- 06,90.95,91.27,91.38,90.88,-0.39%
474,2021- 05- 05,91.31,91.28,91.44,91.17,0.02%
475,2021- 05- 04,91.29,91.0,91.4,90.99,0.38%
476,2021- 05- 03,90.94,91.3,91.39,90.87,-0.37%
477,2021- 04- 30,91.28,90.63,91.32,90.59,0.73%
478,2021- 04- 29,90.61,90.55,90.79,90.42,0.00%
479,2021- 04- 28,90.61,90.9,91.13,90.55,-0.33%
480,2021- 04- 27,90.91,90.88,91.07,90.81,0.11%
481,2021- 04- 26,90.81,90.83,90.99,90.68,-0.06%
482,2021- 04- 23,90.86,91.29,91.3,90.81,-0.52%
483,2021- 04- 22,91.33,91.11,91.42,91.0,0.20%
484,2021- 04- 21,91.15,91.21,91.43,91.09,-0.09%
485,2021- 04- 20,91.24,91.05,91.28,90.86,0.19%
486,2021- 04- 19,91.07,91.54,91.75,91.03,-0.53%
487,2021- 04- 16,91.56,91.66,91.81,91.49,-0.15%
488,2021- 04- 15,91.69,91.63,91.75,91.49,0.00%
489,2021- 04- 14,91.69,91.83,91.83,91.57,-0.18%
490,2021- 04- 13,91.85,92.08,92.32,91.79,-0.31%
491,2021- 04- 12,92.14,92.18,92.33,92.01,-0.03%
492,2021- 04- 09,92.16,92.07,92.41,92.03,0.11%
493,2021- 04- 08,92.06,92.42,92.48,92.0,-0.43%
494,2021- 04- 07,92.46,92.32,92.5,92.14,0.13%
495,2021- 04- 06,92.33,92.57,92.79,92.27,-0.28%
496,2021- 04- 05,92.6,93.01,93.11,92.54,-0.46%
497,2021- 04- 02,93.02,92.89,93.07,92.83,0.10%
498,2021- 04- 01,92.93,93.22,93.34,92.88,-0.32%
499,2021- 03- 31,93.23,93.24,93.44,92.99,-0.07%
500,2021- 03- 30,93.3,92.91,93.35,92.88,0.38%
501,2021- 03- 29,92.94,92.72,92.96,92.72,0.19%
502,2021- 03- 26,92.77,92.81,92.87,92.64,0.26%
503,2021- 03- 25,92.53,92.6,92.92,92.51,0.00%
504,2021- 03- 24,92.53,92.39,92.61,92.34,0.21%
505,2021- 03- 23,92.34,91.8,92.39,91.76,0.65%
506,2021- 03- 22,91.74,92.07,92.15,91.71,-0.19%
507,2021- 03- 19,91.92,91.83,92.17,91.66,0.06%
508,2021- 03- 18,91.86,91.4,91.9,91.3,0.46%
509,2021- 03- 17,91.44,91.86,92.0,91.37,-0.46%
510,2021- 03- 16,91.86,91.83,92.03,91.68,0.03%
511,2021- 03- 15,91.83,91.66,91.96,91.54,0.17%
512,2021- 03- 12,91.68,91.43,91.96,91.4,0.28%
513,2021- 03- 11,91.42,91.79,91.88,91.36,-0.44%
514,2021- 03- 10,91.82,92.05,92.24,91.77,-0.15%
515,2021- 03- 09,91.96,92.46,92.5,91.91,-0.38%
516,2021- 03- 08,92.31,91.99,92.42,91.84,0.37%
517,2021- 03- 05,91.98,91.66,92.19,91.62,0.38%
518,2021- 03- 04,91.63,91.01,91.67,90.97,0.75%
519,2021- 03- 03,90.95,90.79,91.06,90.63,0.18%
520,2021- 03- 02,90.79,91.03,91.39,90.72,-0.28%
521,2021- 03- 01,91.04,90.93,91.14,90.69,0.18%
522,2021- 02- 26,90.88,90.36,90.97,90.13,0.83%
523,2021- 02- 25,90.13,90.07,90.29,89.68,-0.05%
524,2021- 02- 24,90.18,90.1,90.43,89.98,0.01%
525,2021- 02- 23,90.17,90.02,90.26,89.94,0.18%
526,2021- 02- 22,90.01,90.34,90.57,90.0,-0.39%
527,2021- 02- 19,90.36,90.57,90.65,90.18,-0.25%
528,2021- 02- 18,90.59,90.9,90.98,90.54,-0.39%
529,2021- 02- 17,90.95,90.71,91.06,90.62,0.49%
530,2021- 02- 16,90.51,90.29,90.65,90.12,0.03%
531,2021- 02- 15,90.48,90.45,90.48,90.27,0.00%
532,2021- 02- 12,90.48,90.41,90.74,90.38,0.07%
533,2021- 02- 11,90.42,90.46,90.47,90.26,0.05%
534,2021- 02- 10,90.37,90.49,90.53,90.25,-0.08%
535,2021- 02- 09,90.44,90.91,90.93,90.43,-0.54%
536,2021- 02- 08,90.93,91.0,91.24,90.9,-0.12%
537,2021- 02- 05,91.04,91.49,91.6,90.98,-0.53%
538,2021- 02- 04,91.53,91.09,91.58,91.08,0.39%
539,2021- 02- 03,91.17,91.05,91.31,90.99,-0.03%
540,2021- 02- 02,91.2,91.0,91.29,90.8,0.24%
541,2021- 02- 01,90.98,90.53,91.06,90.5,0.44%
542,2021- 01- 29,90.58,90.56,90.78,90.36,0.14%
543,2021- 01- 28,90.46,90.73,90.86,90.4,-0.21%
544,2021- 01- 27,90.65,90.15,90.88,90.15,0.53%
545,2021- 01- 26,90.17,90.39,90.61,90.12,-0.24%
546,2021- 01- 25,90.39,90.23,90.52,90.08,0.17%
547,2021- 01- 22,90.24,90.05,90.31,90.05,0.12%
548,2021- 01- 21,90.13,90.42,90.45,90.05,-0.38%
549,2021- 01- 20,90.47,90.41,90.7,90.28,-0.03%
550,2021- 01- 19,90.5,90.73,90.76,90.4,-0.29%
551,2021- 01- 18,90.76,90.78,90.95,90.71,-0.01%
552,2021- 01- 15,90.77,90.22,90.8,90.22,0.59%
553,2021- 01- 14,90.24,90.28,90.58,90.07,-0.13%
554,2021- 01- 13,90.36,90.0,90.45,89.92,0.29%
555,2021- 01- 12,90.09,90.52,90.62,90.03,-0.41%
556,2021- 01- 11,90.46,90.07,90.73,90.03,0.41%
557,2021- 01- 08,90.1,89.83,90.25,89.66,0.30%
558,2021- 01- 07,89.83,89.32,89.97,89.32,0.33%
559,2021- 01- 06,89.53,89.48,89.8,89.21,0.11%
560,2021- 01- 05,89.44,89.9,89.9,89.43,-0.48%
561,2021- 01- 04,89.87,89.93,89.94,89.42,-0.08%
562,2021- 01- 01,89.94,89.93,89.94,89.93,0.00%
563,2020- 12- 31,89.94,89.61,89.98,89.52,0.29%
564,2020- 12- 30,89.68,89.98,89.98,89.56,-0.35%
565,2020- 12- 29,89.99,90.21,90.23,89.85,-0.38%
566,2020- 12- 28,90.34,90.22,90.38,89.98,0.02%
567,2020- 12- 25,90.32,90.33,90.42,90.21,0.00%
568,2020- 12- 24,90.32,90.28,90.38,90.15,-0.10%
569,2020- 12- 23,90.41,90.52,90.67,90.16,-0.27%
570,2020- 12- 22,90.65,90.09,90.72,90.06,0.68%
571,2020- 12- 21,90.04,89.92,91.02,89.92,0.03%
572,2020- 12- 18,90.02,89.83,90.13,89.83,0.22%
573,2020- 12- 17,89.82,90.27,90.27,89.73,-0.69%
574,2020- 12- 16,90.45,90.49,90.7,90.13,-0.03%
575,2020- 12- 15,90.47,90.69,90.82,90.42,-0.26%
576,2020- 12- 14,90.71,90.98,90.98,90.42,-0.29%
577,2020- 12- 11,90.98,90.74,91.04,90.62,0.17%
578,2020- 12- 10,90.82,91.06,91.15,90.67,-0.29%
579,2020- 12- 09,91.09,90.92,91.2,90.69,0.13%
580,2020- 12- 08,90.96,90.9,91.02,90.75,0.19%
581,2020- 12- 07,90.79,90.81,91.24,90.62,0.10%
582,2020- 12- 04,90.7,90.71,90.87,90.48,-0.01%
583,2020- 12- 03,90.71,91.06,91.09,90.51,-0.44%
584,2020- 12- 02,91.12,91.19,91.5,90.99,-0.21%
585,2020- 12- 01,91.31,91.94,91.94,91.16,-0.61%
586,2020- 11- 30,91.87,91.78,92.05,91.51,0.09%
587,2020- 11- 27,91.79,92.02,92.05,91.76,-0.22%
588,2020- 11- 26,91.99,91.95,92.17,91.85,0.00%
589,2020- 11- 25,91.99,92.11,92.26,91.93,-0.25%
590,2020- 11- 24,92.23,92.53,92.56,92.13,-0.30%
591,2020- 11- 23,92.5,92.4,92.8,92.02,0.12%
592,2020- 11- 20,92.39,92.34,92.43,92.21,0.11%
593,2020- 11- 19,92.29,92.56,92.72,92.24,-0.02%
594,2020- 11- 18,92.32,92.44,92.51,92.21,-0.11%
595,2020- 11- 17,92.42,92.49,92.61,92.27,-0.24%
596,2020- 11- 16,92.64,92.72,92.84,92.46,-0.12%
597,2020- 11- 13,92.75,92.95,93.0,92.71,-0.22%
598,2020- 11- 12,92.96,93.01,93.14,92.78,-0.09%
599,2020- 11- 11,93.04,92.7,93.21,92.61,0.32%
600,2020- 11- 10,92.75,92.76,92.97,92.6,0.03%
601,2020- 11- 09,92.72,92.24,92.96,92.13,0.54%
602,2020- 11- 06,92.23,92.57,92.82,92.18,-0.32%
603,2020- 11- 05,92.53,93.34,93.54,92.49,-0.94%
604,2020- 11- 04,93.41,93.09,94.3,93.09,-0.16%
605,2020- 11- 03,93.55,94.05,94.05,93.29,-0.61%
606,2020- 11- 02,94.13,93.89,94.29,93.89,0.10%
607,2020- 10- 30,94.04,93.92,94.08,93.65,0.09%
608,2020- 10- 29,93.96,93.46,94.1,93.33,0.59%
609,2020- 10- 28,93.4,93.15,93.64,93.05,0.50%
610,2020- 10- 27,92.94,93.07,93.13,92.79,-0.11%
611,2020- 10- 26,93.04,92.76,93.11,92.74,0.30%
612,2020- 10- 23,92.77,92.93,93.13,92.66,-0.20%
613,2020- 10- 22,92.95,92.67,92.97,92.61,0.37%
614,2020- 10- 21,92.61,93.05,93.07,92.47,-0.49%
615,2020- 10- 20,93.07,93.42,93.5,93.0,-0.39%
616,2020- 10- 19,93.43,93.72,93.77,93.21,-0.27%
617,2020- 10- 16,93.68,93.8,93.88,93.53,-0.19%
618,2020- 10- 15,93.86,93.43,93.9,93.37,0.51%
619,2020- 10- 14,93.38,93.54,93.67,93.25,-0.16%
620,2020- 10- 13,93.53,93.03,93.6,93.03,0.50%
621,2020- 10- 12,93.07,93.06,93.24,93.01,0.01%
622,2020- 10- 09,93.06,93.56,93.59,93.0,-0.59%
623,2020- 10- 08,93.61,93.61,93.78,93.5,-0.03%
624,2020- 10- 07,93.63,93.83,93.9,93.56,-0.06%
625,2020- 10- 06,93.69,93.43,93.85,93.33,0.18%
626,2020- 10- 05,93.51,93.81,93.87,93.37,-0.35%
627,2020- 10- 02,93.84,93.73,94.03,93.69,0.14%
628,2020- 10- 01,93.71,93.8,93.92,93.53,-0.19%
629,2020- 09- 30,93.89,93.85,94.19,93.67,0.00%
630,2020- 09- 29,93.89,94.24,94.3,93.82,-0.41%
631,2020- 09- 28,94.28,94.58,94.64,94.15,-0.38%
632,2020- 09- 25,94.64,94.32,94.74,94.19,0.31%
633,2020- 09- 24,94.35,94.38,94.59,94.2,-0.04%
634,2020- 09- 23,94.39,93.99,94.43,93.93,0.43%
635,2020- 09- 22,93.99,93.55,94.08,93.46,0.35%
636,2020- 09- 21,93.66,93.0,93.78,92.75,0.79%
637,2020- 09- 18,92.93,92.86,93.01,92.77,-0.05%
638,2020- 09- 17,92.97,93.15,93.59,92.87,-0.26%
639,2020- 09- 16,93.21,93.08,93.28,92.78,0.18%
640,2020- 09- 15,93.05,93.06,93.14,92.79,0.00%
641,2020- 09- 14,93.05,93.29,93.33,92.87,-0.30%
642,2020- 09- 11,93.33,93.33,93.38,93.1,0.00%
643,2020- 09- 10,93.34,93.23,93.45,92.7,0.09%
644,2020- 09- 09,93.25,93.58,93.66,93.14,-0.20%
645,2020- 09- 08,93.44,93.05,93.52,93.0,0.78%
646,2020- 09- 07,92.72,92.97,93.09,92.72,0.00%
647,2020- 09- 04,92.72,92.8,93.24,92.66,-0.02%
648,2020- 09- 03,92.74,92.66,93.07,92.65,-0.12%
649,2020- 09- 02,92.85,92.28,92.87,92.21,0.55%
650,2020- 09- 01,92.34,92.18,92.4,91.75,0.21%
651,2020- 08- 31,92.14,92.3,92.48,91.99,-0.25%
652,2020- 08- 28,92.37,93.02,93.1,92.2,-0.68%
653,2020- 08- 27,93.0,92.85,93.32,92.42,0.00%
654,2020- 08- 26,93.01,93.02,93.36,92.85,-0.01%
655,2020- 08- 25,93.02,93.28,93.35,92.97,-0.30%
656,2020- 08- 24,93.3,93.2,93.34,92.84,0.05%
657,2020- 08- 21,93.25,92.72,93.47,92.57,0.49%
658,2020- 08- 20,92.79,92.96,93.24,92.73,-0.10%
659,2020- 08- 19,92.89,92.28,93.05,92.15,0.67%
660,2020- 08- 18,92.27,92.82,92.82,92.13,-0.62%
661,2020- 08- 17,92.85,93.1,93.12,92.77,-0.26%
662,2020- 08- 14,93.1,93.22,93.41,93.01,-0.26%
663,2020- 08- 13,93.33,93.36,93.39,92.93,-0.12%
664,2020- 08- 12,93.44,93.68,93.9,93.27,-0.20%
665,2020- 08- 11,93.63,93.6,93.74,93.17,0.05%
666,2020- 08- 10,93.58,93.39,93.69,93.3,0.16%
667,2020- 08- 07,93.43,92.81,93.62,92.76,0.70%
668,2020- 08- 06,92.79,92.77,93.09,92.52,-0.09%
669,2020- 08- 05,92.87,93.23,93.25,92.56,-0.55%
670,2020- 08- 04,93.38,93.56,93.83,93.23,-0.17%
671,2020- 08- 03,93.54,93.46,93.99,93.32,0.21%
672,2020- 07- 31,93.35,92.82,93.54,92.55,0.35%
673,2020- 07- 30,93.02,93.32,93.68,92.93,-0.46%
674,2020- 07- 29,93.45,93.75,93.8,93.18,-0.26%
675,2020- 07- 28,93.7,93.58,94.01,93.49,0.03%
676,2020- 07- 27,93.67,94.35,94.42,93.48,-0.81%
677,2020- 07- 24,94.43,94.77,94.83,94.33,-0.27%
678,2020- 07- 23,94.69,94.98,95.18,94.59,-0.31%
679,2020- 07- 22,94.99,95.13,95.41,94.83,-0.14%
680,2020- 07- 21,95.12,95.75,95.92,95.05,-0.75%
681,2020- 07- 20,95.83,96.01,96.18,95.73,-0.11%
682,2020- 07- 17,95.94,96.28,96.33,95.9,-0.42%
683,2020- 07- 16,96.35,96.0,96.4,95.89,0.28%
684,2020- 07- 15,96.08,96.17,96.25,95.78,-0.18%
685,2020- 07- 14,96.26,96.54,96.7,96.18,-0.21%
686,2020- 07- 13,96.46,96.66,96.68,96.27,-0.19%
687,2020- 07- 10,96.65,96.75,96.97,96.44,-0.05%
688,2020- 07- 09,96.7,96.45,96.81,96.24,0.28%
689,2020- 07- 08,96.43,96.99,97.05,96.4,-0.47%
690,2020- 07- 07,96.88,96.75,97.15,96.6,0.16%
691,2020- 07- 06,96.72,97.15,97.19,96.57,-0.46%
692,2020- 07- 03,97.17,97.21,97.36,97.12,-0.15%
693,2020- 07- 02,97.32,97.14,97.34,96.81,0.12%
694,2020- 07- 01,97.2,97.39,97.62,97.03,-0.20%
695,2020- 06- 30,97.39,97.4,97.8,97.23,-0.15%
696,2020- 06- 29,97.54,97.5,97.65,97.11,0.11%
697,2020- 06- 26,97.43,97.35,97.68,97.26,0.00%
698,2020- 06- 25,97.43,97.24,97.6,97.16,0.29%
699,2020- 06- 24,97.15,96.66,97.24,96.55,0.52%
700,2020- 06- 23,96.65,96.93,97.25,96.39,-0.40%
701,2020- 06- 22,97.04,97.66,97.74,97.0,-0.60%
702,2020- 06- 19,97.62,97.42,97.72,97.16,0.21%
703,2020- 06- 18,97.42,97.08,97.58,96.95,0.27%
704,2020- 06- 17,97.16,97.01,97.34,96.8,0.21%
705,2020- 06- 16,96.96,96.56,97.25,96.43,0.26%
706,2020- 06- 15,96.71,97.09,97.39,96.6,-0.63%
707,2020- 06- 12,97.32,96.81,97.45,96.49,0.61%
708,2020- 06- 11,96.73,96.09,96.83,95.95,0.81%
709,2020- 06- 10,95.96,96.43,96.46,95.72,-0.38%
710,2020- 06- 09,96.32,96.63,97.06,96.23,-0.30%
711,2020- 06- 08,96.62,96.84,97.07,96.6,-0.33%
712,2020- 06- 05,96.94,96.74,97.03,96.44,0.27%
713,2020- 06- 04,96.68,97.32,97.63,96.57,-0.62%
714,2020- 06- 03,97.28,97.57,97.63,97.18,-0.41%
715,2020- 06- 02,97.67,97.84,97.91,97.43,-0.16%
716,2020- 06- 01,97.83,98.3,98.32,97.79,-0.52%
717,2020- 05- 29,98.34,98.51,98.55,97.94,-0.04%
718,2020- 05- 28,98.38,98.91,99.09,98.35,-0.69%
719,2020- 05- 27,99.06,99.02,99.34,98.72,0.16%
720,2020- 05- 26,98.91,99.76,99.77,98.9,-0.96%
721,2020- 05- 25,99.86,99.79,99.97,99.69,0.00%
722,2020- 05- 22,99.86,99.42,99.87,99.39,0.50%
723,2020- 05- 21,99.37,99.18,99.51,99.02,0.25%
724,2020- 05- 20,99.12,99.55,99.56,99.0,-0.25%
725,2020- 05- 19,99.37,99.62,99.73,99.23,-0.29%
726,2020- 05- 18,99.67,100.36,100.47,99.58,-0.73%
727,2020- 05- 15,100.4,100.26,100.49,100.08,-0.06%
728,2020- 05- 14,100.47,100.19,100.56,100.15,0.22%
729,2020- 05- 13,100.24,100.01,100.28,99.58,0.31%
730,2020- 05- 12,99.93,100.23,100.44,99.66,-0.30%
731,2020- 05- 11,100.24,99.12,100.28,99.12,0.50%
732,2020- 05- 08,99.73,99.84,99.94,99.1,-0.16%
733,2020- 05- 07,99.89,100.21,100.4,99.81,-0.20%
734,2020- 05- 06,100.09,99.79,100.2,99.75,0.38%
735,2020- 05- 05,99.71,99.51,99.97,99.3,0.23%
736,2020- 05- 04,99.48,98.57,99.6,98.57,0.41%
737,2020- 05- 01,99.08,99.13,99.21,98.64,0.06%
738,2020- 04- 30,99.02,99.48,99.72,98.81,-0.55%
739,2020- 04- 29,99.57,99.88,99.89,99.46,-0.30%
740,2020- 04- 28,99.86,100.06,100.21,99.45,-0.18%
741,2020- 04- 27,100.04,100.23,100.32,99.83,-0.34%
742,2020- 04- 24,100.38,100.5,100.87,100.19,-0.05%
743,2020- 04- 23,100.43,100.45,100.69,100.04,0.04%
744,2020- 04- 22,100.39,100.21,100.5,99.9,0.13%
745,2020- 04- 21,100.26,99.94,100.48,99.93,0.30%
746,2020- 04- 20,99.96,99.71,100.07,99.65,0.17%
747,2020- 04- 17,99.78,99.86,100.29,99.62,-0.24%
748,2020- 04- 16,100.03,99.63,100.3,99.61,0.57%
749,2020- 04- 15,99.46,98.82,99.98,98.82,0.58%
750,2020- 04- 14,98.89,99.38,99.43,98.82,-0.46%
751,2020- 04- 13,99.35,99.49,99.63,99.14,-0.17%
752,2020- 04- 10,99.52,99.58,99.63,99.36,0.00%
753,2020- 04- 09,99.52,100.13,100.3,99.36,-0.60%
754,2020- 04- 08,100.12,99.91,100.43,99.9,0.22%
755,2020- 04- 07,99.9,100.75,100.79,99.77,-0.78%
756,2020- 04- 06,100.68,100.66,100.93,100.47,0.11%
757,2020- 04- 03,100.58,100.2,100.85,100.14,0.40%
758,2020- 04- 02,100.18,99.51,100.41,99.33,0.51%
759,2020- 04- 01,99.67,99.01,99.84,98.91,0.63%
760,2020- 03- 31,99.05,99.25,99.95,98.89,-0.13%
761,2020- 03- 30,99.18,98.31,99.32,98.29,0.83%
762,2020- 03- 27,98.36,99.29,99.81,98.27,-0.99%
763,2020- 03- 26,99.35,100.96,101.02,99.24,-1.68%
764,2020- 03- 25,101.05,101.6,101.91,100.84,-0.97%
765,2020- 03- 24,102.04,102.13,102.21,101.05,-0.44%
766,2020- 03- 23,102.49,101.95,102.98,101.65,-0.32%
767,2020- 03- 20,102.82,102.94,102.99,101.09,0.06%
768,2020- 03- 19,102.75,100.79,102.94,100.77,1.58%
769,2020- 03- 18,101.16,99.38,101.74,99.15,1.59%
770,2020- 03- 17,99.57,98.14,99.83,97.98,1.54%
771,2020- 03- 16,98.07,98.7,98.7,97.45,-0.69%
772,2020- 03- 13,98.75,97.45,98.81,97.33,1.31%
773,2020- 03- 12,97.47,96.65,98.31,96.08,1.00%
774,2020- 03- 11,96.51,96.33,96.69,95.91,0.10%
775,2020- 03- 10,96.41,95.34,96.58,95.23,1.60%
776,2020- 03- 09,94.89,96.11,95.79,94.65,-1.10%
777,2020- 03- 06,95.95,96.61,96.7,95.71,-0.90%
778,2020- 03- 05,96.82,97.38,97.44,96.51,-0.53%
779,2020- 03- 04,97.34,97.17,97.59,97.12,0.19%
780,2020- 03- 03,97.15,97.56,97.69,96.98,-0.21%
781,2020- 03- 02,97.36,98.12,98.12,97.18,-0.79%
782,2020- 02- 28,98.13,98.42,98.66,97.96,-0.38%
783,2020- 02- 27,98.51,99.02,99.05,98.36,-0.49%
784,2020- 02- 26,99.0,99.08,99.27,98.91,0.03%
785,2020- 02- 25,98.97,99.33,99.39,98.88,-0.39%
786,2020- 02- 24,99.36,99.34,99.64,99.11,0.10%
787,2020- 02- 21,99.26,99.86,99.87,99.23,-0.60%
788,2020- 02- 20,99.86,99.54,99.91,99.53,0.16%
789,2020- 02- 19,99.71,99.43,99.72,99.38,0.27%
790,2020- 02- 18,99.44,99.19,99.47,99.14,0.44%
791,2020- 02- 17,99.0,99.16,99.21,99.0,-0.12%
792,2020- 02- 14,99.12,99.12,99.17,99.0,0.06%
793,2020- 02- 13,99.07,98.99,99.11,98.85,0.02%
794,2020- 02- 12,99.05,98.77,99.05,98.71,0.33%
795,2020- 02- 11,98.72,98.86,98.95,98.71,-0.11%
796,2020- 02- 10,98.83,98.7,98.88,98.6,0.15%
797,2020- 02- 07,98.68,98.46,98.72,98.42,0.19%
798,2020- 02- 06,98.5,98.29,98.57,98.21,0.20%
799,2020- 02- 05,98.3,97.94,98.32,97.9,0.35%
800,2020- 02- 04,97.96,97.82,98.01,97.79,0.16%
801,2020- 02- 03,97.8,97.37,97.89,97.37,0.42%
802,2020- 01- 31,97.39,97.87,97.97,97.35,-0.49%
803,2020- 01- 30,97.87,98.03,98.07,97.79,-0.12%
804,2020- 01- 29,97.99,97.95,98.19,97.94,-0.03%
805,2020- 01- 28,98.02,97.95,98.16,97.9,0.06%
806,2020- 01- 27,97.96,97.88,98.0,97.78,0.11%
807,2020- 01- 24,97.85,97.72,97.95,97.67,0.16%
808,2020- 01- 23,97.69,97.48,97.8,97.43,0.16%
809,2020- 01- 22,97.53,97.62,97.69,97.44,0.00%
810,2020- 01- 21,97.53,97.63,97.66,97.39,-0.08%
811,2020- 01- 20,97.61,97.64,97.73,97.58,-0.03%
812,2020- 01- 17,97.64,97.3,97.66,97.27,0.33%
813,2020- 01- 16,97.32,97.18,97.36,97.08,0.09%
814,2020- 01- 15,97.23,97.38,97.44,97.16,-0.14%
815,2020- 01- 14,97.37,97.36,97.56,97.33,0.03%
816,2020- 01- 13,97.34,97.35,97.53,97.31,-0.02%
817,2020- 01- 10,97.36,97.43,97.58,97.3,-0.09%
818,2020- 01- 09,97.45,97.27,97.56,97.25,0.15%
819,2020- 01- 08,97.3,96.83,97.35,96.82,0.31%
820,2020- 01- 07,97.0,96.65,97.09,96.62,0.34%
821,2020- 01- 06,96.67,96.9,96.9,96.54,-0.18%
822,2020- 01- 03,96.84,96.79,97.11,96.71,-0.01%
823,2020- 01- 02,96.85,96.48,96.87,96.42,0.48%
824,2020- 01- 01,96.39,96.5,97.1,96.39,0.00%
825,2019- 12- 31,96.39,96.73,96.73,96.36,-0.36%
826,2019- 12- 30,96.74,97.02,97.02,96.61,-0.19%
827,2019- 12- 27,96.92,97.54,97.55,96.92,-0.63%
828,2019- 12- 26,97.53,97.62,97.71,97.49,-0.12%
829,2019- 12- 25,97.65,97.67,97.73,97.35,0.00%
830,2019- 12- 24,97.65,97.66,97.8,97.61,-0.01%
831,2019- 12- 23,97.66,97.67,97.82,97.58,-0.03%
832,2019- 12- 20,97.69,97.39,97.76,97.38,0.32%
833,2019- 12- 19,97.38,97.4,97.49,97.22,-0.02%
834,2019- 12- 18,97.4,97.23,97.47,97.22,0.19%
835,2019- 12- 17,97.22,97.14,97.3,97.03,0.21%
836,2019- 12- 16,97.02,97.18,97.18,96.93,-0.15%
837,2019- 12- 13,97.17,96.78,97.24,96.72,-0.24%
838,2019- 12- 12,97.4,97.08,97.52,96.59,0.33%
839,2019- 12- 11,97.08,97.51,97.6,97.04,-0.34%
840,2019- 12- 10,97.41,97.65,97.66,97.4,-0.24%
841,2019- 12- 09,97.64,97.68,97.72,97.56,-0.06%
842,2019- 12- 06,97.7,97.38,97.84,97.36,0.30%
843,2019- 12- 05,97.41,97.59,97.59,97.36,-0.25%
844,2019- 12- 04,97.65,97.71,97.79,97.43,-0.09%
845,2019- 12- 03,97.74,97.89,97.94,97.64,-0.12%
846,2019- 12- 02,97.86,98.27,98.38,97.81,-0.42%
847,2019- 11- 29,98.27,98.34,98.54,98.22,-0.10%
848,2019- 11- 28,98.37,98.33,98.4,98.26,0.00%
849,2019- 11- 27,98.37,98.3,98.44,98.28,0.12%
850,2019- 11- 26,98.25,98.33,98.38,98.23,-0.07%
851,2019- 11- 25,98.32,98.27,98.38,98.17,0.05%
852,2019- 11- 22,98.27,97.93,98.31,97.84,0.29%
853,2019- 11- 21,97.99,97.86,98.03,97.73,0.06%
854,2019- 11- 20,97.93,97.84,98.04,97.84,0.07%
855,2019- 11- 19,97.86,97.81,97.89,97.75,0.07%
856,2019- 11- 18,97.79,97.98,97.98,97.68,-0.21%
857,2019- 11- 15,98.0,98.17,98.23,97.96,-0.16%
858,2019- 11- 14,98.16,98.34,98.42,98.11,-0.21%
859,2019- 11- 13,98.37,98.33,98.45,98.29,0.06%
860,2019- 11- 12,98.31,98.21,98.42,98.21,0.11%
861,2019- 11- 11,98.2,98.37,98.38,98.13,-0.15%
862,2019- 11- 08,98.35,98.14,98.4,98.1,0.21%
863,2019- 11- 07,98.14,97.95,98.23,97.82,0.19%
864,2019- 11- 06,97.95,97.94,97.98,97.78,-0.03%
865,2019- 11- 05,97.98,97.55,98.01,97.47,0.49%
866,2019- 11- 04,97.5,97.22,97.58,97.17,0.27%
867,2019- 11- 01,97.24,97.3,97.45,97.11,-0.11%
868,2019- 10- 31,97.35,97.44,97.45,97.22,-0.31%
869,2019- 10- 30,97.65,97.67,98.0,97.45,-0.04%
870,2019- 10- 29,97.69,97.75,97.93,97.61,-0.07%
871,2019- 10- 28,97.76,97.85,97.89,97.67,-0.07%
872,2019- 10- 25,97.83,97.69,97.9,97.57,0.20%
873,2019- 10- 24,97.63,97.46,97.78,97.28,0.14%
874,2019- 10- 23,97.49,97.49,97.65,97.42,-0.04%
875,2019- 10- 22,97.53,97.31,97.57,97.26,0.21%
876,2019- 10- 21,97.33,97.34,97.4,97.15,0.05%
877,2019- 10- 18,97.28,97.6,97.66,97.14,-0.34%
878,2019- 10- 17,97.61,97.99,98.11,97.5,-0.40%
879,2019- 10- 16,98.0,98.32,98.42,97.9,-0.30%
880,2019- 10- 15,98.29,98.45,98.64,98.21,-0.16%
881,2019- 10- 14,98.45,98.36,98.53,98.34,0.15%
882,2019- 10- 11,98.3,98.7,98.74,98.2,-0.41%
883,2019- 10- 10,98.7,98.98,99.07,98.62,-0.42%
884,2019- 10- 09,99.12,99.09,99.16,98.9,-0.01%
885,2019- 10- 08,99.13,98.98,99.25,98.85,0.16%
886,2019- 10- 07,98.97,98.82,99.0,98.74,0.16%
887,2019- 10- 04,98.81,98.87,99.0,98.73,-0.05%
888,2019- 10- 03,98.86,99.03,99.19,98.64,-0.16%
889,2019- 10- 02,99.02,99.16,99.42,98.96,-0.11%
890,2019- 10- 01,99.13,99.4,99.67,99.07,-0.25%
891,2019- 09- 30,99.38,99.12,99.46,99.05,0.27%
892,2019- 09- 27,99.11,99.19,99.31,98.99,-0.02%
893,2019- 09- 26,99.13,98.96,99.28,98.84,0.09%
894,2019- 09- 25,99.04,98.38,99.06,98.36,0.71%
895,2019- 09- 24,98.34,98.64,98.7,98.29,-0.26%
896,2019- 09- 23,98.6,98.51,98.83,98.45,0.09%
897,2019- 09- 20,98.51,98.34,98.64,98.14,0.24%
898,2019- 09- 19,98.27,98.57,98.62,98.2,-0.29%
899,2019- 09- 18,98.56,98.21,98.69,98.19,0.31%
900,2019- 09- 17,98.26,98.65,98.74,98.19,-0.35%
901,2019- 09- 16,98.61,98.12,98.71,98.03,0.36%
902,2019- 09- 13,98.26,98.41,98.43,97.86,-0.05%
903,2019- 09- 12,98.31,98.63,99.1,98.19,-0.33%
904,2019- 09- 11,98.64,98.33,98.75,97.86,0.32%
905,2019- 09- 10,98.33,98.33,98.46,98.26,0.05%
906,2019- 09- 09,98.28,98.42,98.51,98.14,-0.11%
907,2019- 09- 06,98.39,98.42,98.52,98.01,-0.02%
908,2019- 09- 05,98.41,98.4,98.53,98.08,-0.04%
909,2019- 09- 04,98.45,98.96,98.97,98.39,-0.56%
910,2019- 09- 03,99.0,99.08,99.37,98.92,0.08%
911,2019- 09- 02,98.92,98.83,99.13,98.81,0.00%
912,2019- 08- 30,98.92,98.43,99.02,98.41,0.42%
913,2019- 08- 29,98.51,98.19,98.55,98.16,0.31%
914,2019- 08- 28,98.21,98.01,98.26,98.0,0.21%
915,2019- 08- 27,98.0,98.05,98.05,97.86,-0.08%
916,2019- 08- 26,98.08,97.59,98.09,97.48,0.45%
917,2019- 08- 23,97.64,98.19,98.45,97.17,-0.54%
918,2019- 08- 22,98.17,98.25,98.39,98.08,-0.13%
919,2019- 08- 21,98.3,98.17,98.33,97.95,0.11%
920,2019- 08- 20,98.19,98.36,98.45,98.12,-0.16%
921,2019- 08- 19,98.35,98.17,98.39,98.13,0.21%
922,2019- 08- 16,98.14,98.13,98.34,98.11,0.00%
923,2019- 08- 15,98.14,97.95,98.24,97.82,0.15%
924,2019- 08- 14,97.99,97.8,98.05,97.67,0.18%
925,2019- 08- 13,97.81,97.48,97.85,97.32,0.44%
926,2019- 08- 12,97.38,97.53,97.74,97.32,-0.11%
927,2019- 08- 09,97.49,97.57,97.64,97.03,-0.13%
928,2019- 08- 08,97.62,97.6,97.74,97.43,0.08%
929,2019- 08- 07,97.54,97.56,97.85,97.31,-0.09%
930,2019- 08- 06,97.63,97.25,97.77,97.21,0.11%
931,2019- 08- 05,97.52,98.11,98.14,97.38,-0.56%
932,2019- 08- 02,98.07,98.41,98.45,98.05,-0.30%
933,2019- 08- 01,98.37,98.59,98.93,98.27,-0.15%
934,2019- 07- 31,98.52,98.03,98.68,98.0,0.48%
935,2019- 07- 30,98.05,98.07,98.21,98.02,0.01%
936,2019- 07- 29,98.04,97.99,98.17,97.9,0.03%
937,2019- 07- 26,98.01,97.79,98.09,97.76,0.19%
938,2019- 07- 25,97.82,97.69,97.92,97.5,0.09%
939,2019- 07- 24,97.73,97.72,97.81,97.55,0.03%
940,2019- 07- 23,97.7,97.3,97.74,97.3,0.45%
941,2019- 07- 22,97.26,97.14,97.3,97.13,0.11%
942,2019- 07- 19,97.15,96.82,97.29,96.76,0.37%
943,2019- 07- 18,96.79,97.19,97.26,96.67,-0.44%
944,2019- 07- 17,97.22,97.36,97.44,97.16,-0.17%
945,2019- 07- 16,97.39,96.92,97.44,96.92,0.47%
946,2019- 07- 15,96.93,96.84,96.97,96.75,0.12%
947,2019- 07- 12,96.81,97.08,97.12,96.72,-0.25%
948,2019- 07- 11,97.05,97.06,97.15,96.8,-0.05%
949,2019- 07- 10,97.1,97.51,97.55,97.03,-0.40%
950,2019- 07- 09,97.49,97.38,97.59,97.36,0.11%
951,2019- 07- 08,97.38,97.23,97.42,97.16,0.09%
952,2019- 07- 05,97.29,96.72,97.44,96.72,0.54%
953,2019- 07- 04,96.77,96.71,96.81,96.66,0.00%
954,2019- 07- 03,96.77,96.73,96.87,96.59,0.04%
955,2019- 07- 02,96.73,96.81,96.88,96.6,-0.11%
956,2019- 07- 01,96.84,96.25,96.87,96.25,0.74%
957,2019- 06- 28,96.13,96.19,96.3,96.02,-0.06%
958,2019- 06- 27,96.19,96.17,96.39,96.14,-0.02%
959,2019- 06- 26,96.21,96.18,96.34,96.07,0.07%
960,2019- 06- 25,96.14,96.0,96.36,95.84,0.17%
961,2019- 06- 24,95.98,96.18,96.2,95.97,-0.25%
962,2019- 06- 21,96.22,96.62,96.71,96.09,-0.42%
963,2019- 06- 20,96.63,97.17,97.2,96.57,-0.50%
964,2019- 06- 19,97.12,97.63,97.68,97.09,-0.53%
965,2019- 06- 18,97.64,97.53,97.77,97.37,0.08%
966,2019- 06- 17,97.56,97.52,97.6,97.34,-0.01%
967,2019- 06- 14,97.57,97.01,97.58,96.94,0.58%
968,2019- 06- 13,97.01,96.96,97.08,96.87,0.01%
969,2019- 06- 12,97.0,96.71,97.02,96.58,0.32%
970,2019- 06- 11,96.69,96.75,96.88,96.64,-0.07%
971,2019- 06- 10,96.76,96.64,96.94,96.63,0.23%
972,2019- 06- 07,96.54,97.01,97.18,96.46,-0.52%
973,2019- 06- 06,97.04,97.29,97.35,96.78,-0.29%
974,2019- 06- 05,97.32,97.12,97.37,96.75,0.26%
975,2019- 06- 04,97.07,97.21,97.33,97.0,-0.07%
976,2019- 06- 03,97.14,97.64,97.8,97.11,-0.62%
977,2019- 05- 31,97.75,98.15,98.17,97.61,-0.40%
978,2019- 05- 30,98.14,98.13,98.28,98.09,0.00%
979,2019- 05- 29,98.14,97.92,98.21,97.86,0.19%
980,2019- 05- 28,97.95,97.74,97.98,97.7,0.35%
981,2019- 05- 27,97.61,97.57,97.79,97.55,0.00%
982,2019- 05- 24,97.61,97.83,97.91,97.55,-0.26%
983,2019- 05- 23,97.86,98.06,98.37,97.81,-0.18%
984,2019- 05- 22,98.04,98.02,98.12,97.89,-0.02%
985,2019- 05- 21,98.06,97.92,98.13,97.82,0.13%
986,2019- 05- 20,97.93,97.96,98.04,97.88,-0.07%
987,2019- 05- 17,98.0,97.83,98.03,97.77,0.14%
988,2019- 05- 16,97.86,97.54,97.88,97.44,0.30%
989,2019- 05- 15,97.57,97.53,97.7,97.44,0.04%
990,2019- 05- 14,97.53,97.32,97.56,97.27,0.22%
991,2019- 05- 13,97.32,97.3,97.38,97.03,-0.01%
992,2019- 05- 10,97.33,97.43,97.45,97.13,-0.04%
993,2019- 05- 09,97.37,97.58,97.7,97.24,-0.26%
994,2019- 05- 08,97.62,97.57,97.68,97.42,-0.01%
995,2019- 05- 07,97.63,97.52,97.74,97.38,0.11%
996,2019- 05- 06,97.52,97.56,97.7,97.46,0.00%
997,2019- 05- 03,97.52,97.83,98.1,97.41,-0.32%
998,2019- 05- 02,97.83,97.63,97.85,97.51,0.14%
999,2019- 05- 01,97.69,97.53,97.73,97.15,0.22%
1000,2019- 04- 30,97.48,97.84,97.89,97.44,-0.39%
1001,2019- 04- 29,97.86,98.03,98.1,97.83,-0.15%
1002,2019- 04- 26,98.01,98.12,98.33,97.85,-0.19%
1003,2019- 04- 25,98.2,98.1,98.32,97.99,0.03%
1004,2019- 04- 24,98.17,97.59,98.19,97.59,0.54%
1005,2019- 04- 23,97.64,97.28,97.78,97.28,0.36%
1006,2019- 04- 22,97.29,97.38,97.41,97.26,-0.09%
1007,2019- 04- 19,97.38,97.42,97.43,97.33,-0.09%
1008,2019- 04- 18,97.47,97.01,97.48,96.96,0.47%
1009,2019- 04- 17,97.01,97.07,97.12,96.82,-0.03%
1010,2019- 04- 16,97.04,96.93,97.09,96.88,0.10%
1011,2019- 04- 15,96.94,96.92,96.96,96.79,-0.03%
1012,2019- 04- 12,96.97,97.14,97.18,96.75,-0.22%
1013,2019- 04- 11,97.18,96.89,97.19,96.88,0.24%
1014,2019- 04- 10,96.95,96.99,97.22,96.85,-0.06%
1015,2019- 04- 09,97.01,97.08,97.08,96.86,-0.04%
1016,2019- 04- 08,97.05,97.39,97.4,96.98,-0.35%
1017,2019- 04- 05,97.39,97.3,97.47,97.19,0.08%
1018,2019- 04- 04,97.31,97.04,97.34,97.02,0.23%
1019,2019- 04- 03,97.09,97.3,97.32,96.96,-0.28%
1020,2019- 04- 02,97.36,97.33,97.52,97.27,0.13%
1021,2019- 04- 01,97.23,97.18,97.39,97.03,-0.05%
1022,2019- 03- 29,97.28,97.2,97.34,97.0,0.08%
1023,2019- 03- 28,97.2,96.97,97.3,96.82,0.44%
1024,2019- 03- 27,96.77,96.75,96.98,96.68,0.03%
1025,2019- 03- 26,96.74,96.5,96.84,96.45,0.18%
1026,2019- 03- 25,96.57,96.64,96.68,96.41,-0.08%
1027,2019- 03- 22,96.65,96.32,96.81,96.21,0.16%
1028,2019- 03- 21,96.5,95.91,96.62,95.84,0.77%
1029,2019- 03- 20,95.76,96.4,96.57,95.74,-0.64%
1030,2019- 03- 19,96.38,96.51,96.52,96.29,-0.15%
1031,2019- 03- 18,96.52,96.56,96.63,96.38,-0.07%
1032,2019- 03- 15,96.59,96.72,96.79,96.49,-0.20%
1033,2019- 03- 14,96.78,96.49,96.82,96.47,0.24%
1034,2019- 03- 13,96.55,97.01,97.02,96.39,-0.40%
1035,2019- 03- 12,96.94,97.05,97.28,96.86,-0.29%
1036,2019- 03- 11,97.22,97.39,97.45,96.92,-0.09%
1037,2019- 03- 08,97.31,97.61,97.64,97.25,-0.37%
1038,2019- 03- 07,97.67,96.83,97.71,96.81,0.83%
1039,2019- 03- 06,96.87,96.9,96.99,96.78,0.00%
1040,2019- 03- 05,96.87,96.67,97.01,96.66,0.20%
1041,2019- 03- 04,96.68,96.34,96.82,96.33,0.16%
1042,2019- 03- 01,96.53,96.22,96.55,96.07,0.38%
1043,2019- 02- 28,96.16,96.09,96.28,95.82,0.01%
1044,2019- 02- 27,96.15,96.06,96.19,95.88,0.16%
1045,2019- 02- 26,96.0,96.39,96.46,95.95,-0.43%
1046,2019- 02- 25,96.41,96.52,96.6,96.32,-0.10%
1047,2019- 02- 22,96.51,96.59,96.78,96.42,-0.10%
1048,2019- 02- 21,96.61,96.49,96.66,96.36,0.17%
1049,2019- 02- 20,96.45,96.53,96.65,96.29,-0.07%
1050,2019- 02- 19,96.52,96.81,97.08,96.43,-0.39%
1051,2019- 02- 18,96.9,96.81,96.9,96.65,0.00%
1052,2019- 02- 15,96.9,97.06,97.37,96.83,-0.08%
1053,2019- 02- 14,96.98,97.14,97.28,96.95,-0.15%
1054,2019- 02- 13,97.13,96.73,97.26,96.63,0.43%
1055,2019- 02- 12,96.71,97.06,97.2,96.65,-0.36%
1056,2019- 02- 11,97.06,96.66,97.12,96.62,0.43%
1057,2019- 02- 08,96.64,96.6,96.69,96.45,0.13%
1058,2019- 02- 07,96.51,96.39,96.67,96.38,0.12%
1059,2019- 02- 06,96.39,96.06,96.42,96.04,0.33%
1060,2019- 02- 05,96.07,95.83,96.12,95.81,0.23%
1061,2019- 02- 04,95.85,95.6,95.92,95.57,0.28%
1062,2019- 02- 01,95.58,95.55,95.66,95.4,0.00%
1063,2019- 01- 31,95.58,95.35,95.62,95.16,0.25%
1064,2019- 01- 30,95.34,95.79,95.98,95.25,-0.50%
1065,2019- 01- 29,95.82,95.74,95.87,95.62,0.07%
1066,2019- 01- 28,95.75,95.79,95.92,95.64,-0.04%
1067,2019- 01- 25,95.79,96.49,96.53,95.74,-0.84%
1068,2019- 01- 24,96.6,96.07,96.68,96.04,0.50%
1069,2019- 01- 23,96.12,96.31,96.37,96.05,-0.19%
1070,2019- 01- 22,96.3,96.34,96.48,96.22,-0.04%
1071,2019- 01- 21,96.34,96.35,96.43,96.2,0.00%
1072,2019- 01- 18,96.34,96.07,96.39,96.01,0.29%
1073,2019- 01- 17,96.06,96.07,96.26,95.98,0.00%
1074,2019- 01- 16,96.06,95.94,96.18,95.86,0.02%
1075,2019- 01- 15,96.04,95.57,96.26,95.47,0.45%
1076,2019- 01- 14,95.61,95.65,95.72,95.48,-0.06%
1077,2019- 01- 11,95.67,95.44,95.76,95.19,0.14%
1078,2019- 01- 10,95.54,95.16,95.62,95.03,0.34%
1079,2019- 01- 09,95.22,95.81,95.92,95.12,-0.71%
1080,2019- 01- 08,95.9,95.69,96.03,95.68,0.24%
1081,2019- 01- 07,95.67,96.16,96.16,95.64,-0.53%
1082,2019- 01- 04,96.18,96.28,96.61,96.05,-0.13%
1083,2019- 01- 03,96.31,96.72,96.75,96.21,-0.53%
1084,2019- 01- 02,96.82,96.14,96.96,95.82,0.68%
1085,2019- 01- 01,96.17,96.15,96.32,95.65,0.00%
1086,2018- 12- 31,96.17,96.4,96.51,96.0,-0.24%
1087,2018- 12- 28,96.4,96.51,96.52,96.19,-0.08%
1088,2018- 12- 27,96.48,96.92,96.94,96.41,-0.59%
1089,2018- 12- 26,97.05,96.58,97.12,96.53,0.52%
1090,2018- 12- 25,96.55,96.56,96.96,96.47,0.00%
1091,2018- 12- 24,96.55,96.94,96.94,96.38,-0.42%
1092,2018- 12- 21,96.96,96.39,97.05,96.25,0.71%
1093,2018- 12- 20,96.28,96.99,97.04,96.17,-0.77%
1094,2018- 12- 19,97.03,96.91,97.1,96.55,-0.07%
1095,2018- 12- 18,97.1,97.13,97.17,96.7,0.00%
1096,2018- 12- 17,97.1,97.43,97.46,97.05,-0.35%
1097,2018- 12- 14,97.44,97.09,97.71,97.08,0.39%
1098,2018- 12- 13,97.06,97.04,97.29,96.88,0.02%
1099,2018- 12- 12,97.04,97.38,97.49,96.89,-0.36%
1100,2018- 12- 11,97.39,97.18,97.55,96.87,0.17%
1101,2018- 12- 10,97.22,96.72,97.24,96.36,0.74%
1102,2018- 12- 07,96.51,96.8,96.92,96.51,-0.31%
1103,2018- 12- 06,96.81,97.01,97.2,96.55,-0.27%
1104,2018- 12- 05,97.07,97.01,97.2,96.83,0.10%
1105,2018- 12- 04,96.97,96.94,97.13,96.38,-0.07%
1106,2018- 12- 03,97.04,97.13,97.16,96.71,-0.24%
1107,2018- 11- 30,97.27,96.76,97.31,96.71,0.51%
1108,2018- 11- 29,96.78,96.84,97.0,96.63,-0.01%
1109,2018- 11- 28,96.79,97.37,97.54,96.69,-0.60%
1110,2018- 11- 27,97.37,97.03,97.5,96.97,0.31%
1111,2018- 11- 26,97.07,96.93,97.1,96.66,0.15%
1112,2018- 11- 23,96.92,96.51,96.98,96.4,0.22%
1113,2018- 11- 22,96.71,96.72,96.72,96.32,0.00%
1114,2018- 11- 21,96.71,96.82,96.87,96.5,-0.13%
1115,2018- 11- 20,96.84,96.2,96.89,96.04,0.68%
1116,2018- 11- 19,96.19,96.43,96.57,96.12,-0.29%
1117,2018- 11- 16,96.47,97.05,97.06,96.4,-0.47%
1118,2018- 11- 15,96.93,97.01,97.39,96.77,0.13%
1119,2018- 11- 14,96.8,97.03,97.41,96.75,-0.51%
1120,2018- 11- 13,97.3,97.6,97.66,96.94,-0.25%
1121,2018- 11- 12,97.54,97.05,97.69,96.97,0.65%
1122,2018- 11- 09,96.91,96.63,97.01,96.62,0.20%
1123,2018- 11- 08,96.72,96.19,96.74,96.07,0.75%
1124,2018- 11- 07,96.0,95.99,96.46,95.68,-0.33%
1125,2018- 11- 06,96.32,96.33,96.45,96.14,0.04%
1126,2018- 11- 05,96.28,96.44,96.68,96.25,-0.27%
1127,2018- 11- 02,96.54,96.31,96.59,95.99,0.27%
1128,2018- 11- 01,96.28,97.08,97.11,96.2,-0.88%
1129,2018- 10- 31,97.13,96.99,97.2,96.88,0.12%
1130,2018- 10- 30,97.01,96.66,97.02,96.62,0.45%
1131,2018- 10- 29,96.58,96.44,96.7,96.35,0.23%
1132,2018- 10- 26,96.36,96.59,96.86,96.29,-0.33%
1133,2018- 10- 25,96.68,96.36,96.73,96.21,0.26%
1134,2018- 10- 24,96.43,95.92,96.53,95.91,0.49%
1135,2018- 10- 23,95.96,96.03,96.16,95.81,-0.05%
1136,2018- 10- 22,96.01,95.66,96.09,95.47,0.31%
1137,2018- 10- 19,95.71,95.95,96.09,95.54,-0.20%
1138,2018- 10- 18,95.9,95.66,95.99,95.49,0.33%
1139,2018- 10- 17,95.58,95.09,95.66,95.06,0.56%
1140,2018- 10- 16,95.05,95.05,95.2,94.79,-0.01%
1141,2018- 10- 15,95.06,95.35,95.37,94.95,-0.17%
1142,2018- 10- 12,95.22,95.04,95.37,94.95,0.21%
1143,2018- 10- 11,95.02,95.43,95.43,94.99,-0.51%
1144,2018- 10- 10,95.51,95.59,95.79,95.38,-0.17%
1145,2018- 10- 09,95.67,95.75,96.16,95.64,-0.09%
1146,2018- 10- 08,95.76,95.62,96.03,95.59,0.15%
1147,2018- 10- 05,95.62,95.76,95.94,95.52,-0.14%
1148,2018- 10- 04,95.75,96.05,96.12,95.55,-0.01%
1149,2018- 10- 03,95.76,95.46,96.12,95.26,0.26%
1150,2018- 10- 02,95.51,95.3,95.74,95.26,0.22%
1151,2018- 10- 01,95.3,95.11,95.37,95.0,0.18%
1152,2018- 09- 28,95.13,95.02,95.37,94.92,0.25%
1153,2018- 09- 27,94.89,94.25,95.01,94.21,0.74%
1154,2018- 09- 26,94.19,94.17,94.4,93.95,0.06%
1155,2018- 09- 25,94.13,94.25,94.37,94.01,-0.06%
1156,2018- 09- 24,94.19,94.23,94.37,93.84,-0.03%
1157,2018- 09- 21,94.22,93.89,94.33,93.81,0.33%
1158,2018- 09- 20,93.91,94.55,94.56,93.83,-0.67%
1159,2018- 09- 19,94.54,94.54,94.73,94.32,-0.11%
1160,2018- 09- 18,94.64,94.61,94.73,94.31,0.15%
1161,2018- 09- 17,94.5,94.93,94.98,94.44,-0.45%
1162,2018- 09- 14,94.93,94.55,95.0,94.36,0.43%
1163,2018- 09- 13,94.52,94.83,94.97,94.43,-0.30%
1164,2018- 09- 12,94.8,95.1,95.28,94.73,-0.47%
1165,2018- 09- 11,95.25,95.15,95.35,94.88,0.11%
1166,2018- 09- 10,95.15,95.43,95.56,95.03,-0.22%
1167,2018- 09- 07,95.36,95.02,95.46,94.87,0.36%
1168,2018- 09- 06,95.02,95.1,95.21,94.93,-0.17%
1169,2018- 09- 05,95.18,95.4,95.66,95.08,-0.27%
1170,2018- 09- 04,95.44,95.14,95.74,95.14,0.32%
1171,2018- 09- 03,95.14,95.19,95.22,95.01,0.00%
1172,2018- 08- 31,95.14,94.7,95.22,94.55,0.44%
1173,2018- 08- 30,94.72,94.53,94.9,94.47,0.13%
1174,2018- 08- 29,94.6,94.73,94.93,94.53,-0.13%
1175,2018- 08- 28,94.72,94.77,94.91,94.43,-0.06%
1176,2018- 08- 27,94.78,95.17,95.3,94.69,-0.39%
1177,2018- 08- 24,95.15,95.64,95.69,95.03,-0.54%
1178,2018- 08- 23,95.67,95.17,95.71,95.15,0.55%
1179,2018- 08- 22,95.15,95.21,95.38,94.93,-0.12%
1180,2018- 08- 21,95.26,95.74,95.75,95.08,-0.67%
1181,2018- 08- 20,95.9,96.13,96.4,95.73,-0.21%
1182,2018- 08- 17,96.1,96.61,96.66,96.09,-0.56%
1183,2018- 08- 16,96.64,96.72,96.77,96.32,-0.06%
1184,2018- 08- 15,96.7,96.66,96.98,96.65,-0.03%
1185,2018- 08- 14,96.73,96.33,96.79,96.14,0.35%
1186,2018- 08- 13,96.39,96.32,96.52,96.16,0.03%
1187,2018- 08- 10,96.36,95.64,96.45,95.53,0.90%
1188,2018- 08- 09,95.5,95.1,95.62,95.03,0.47%
1189,2018- 08- 08,95.05,95.14,95.42,94.99,-0.18%
1190,2018- 08- 07,95.22,95.34,95.37,94.99,-0.15%
1191,2018- 08- 06,95.36,95.2,95.52,95.2,0.23%
1192,2018- 08- 03,95.14,95.18,95.37,94.98,-0.02%
1193,2018- 08- 02,95.16,94.63,95.19,94.61,0.57%
1194,2018- 08- 01,94.62,94.56,94.71,94.49,0.14%
1195,2018- 07- 31,94.49,94.33,94.57,94.16,0.18%
1196,2018- 07- 30,94.32,94.66,94.76,94.26,-0.37%
1197,2018- 07- 27,94.67,94.76,94.91,94.63,-0.08%
1198,2018- 07- 26,94.75,94.16,94.8,94.08,0.41%
1199,2018- 07- 25,94.36,94.59,94.67,94.14,-0.26%
1200,2018- 07- 24,94.61,94.67,94.86,94.4,-0.06%
1201,2018- 07- 23,94.67,94.43,94.72,94.21,0.23%
1202,2018- 07- 20,94.45,95.13,95.28,94.36,-0.74%
1203,2018- 07- 19,95.15,95.08,95.65,94.93,0.07%
1204,2018- 07- 18,95.08,95.03,95.41,94.96,0.15%
1205,2018- 07- 17,94.94,94.55,95.06,94.3,0.45%
1206,2018- 07- 16,94.51,94.69,94.77,94.41,-0.25%
1207,2018- 07- 13,94.75,94.89,95.24,94.67,-0.06%
1208,2018- 07- 12,94.81,94.7,94.94,94.64,0.10%
1209,2018- 07- 11,94.72,94.2,94.77,94.09,0.61%
1210,2018- 07- 10,94.15,94.06,94.47,94.02,0.07%
1211,2018- 07- 09,94.08,93.97,94.21,93.71,0.04%
1212,2018- 07- 06,94.04,94.36,94.49,93.92,-0.46%
1213,2018- 07- 05,94.47,94.51,94.59,94.18,-0.21%
1214,2018- 07- 04,94.67,94.52,94.71,94.4,0.00%
1215,2018- 07- 03,94.67,94.84,94.98,94.56,-0.38%
1216,2018- 07- 02,95.03,94.63,95.14,94.53,0.41%
1217,2018- 06- 29,94.64,95.3,95.32,94.47,-0.79%
1218,2018- 06- 28,95.39,95.27,95.53,95.09,0.13%
1219,2018- 06- 27,95.27,94.67,95.42,94.53,0.64%
1220,2018- 06- 26,94.66,94.29,94.77,94.17,0.40%
1221,2018- 06- 25,94.28,94.5,94.7,94.21,-0.25%
1222,2018- 06- 22,94.52,94.86,94.88,94.43,-0.23%
1223,2018- 06- 21,94.74,95.13,95.53,94.68,-0.34%
1224,2018- 06- 20,95.06,94.97,95.3,94.92,-0.02%
1225,2018- 06- 19,95.08,94.63,95.3,94.53,0.30%
1226,2018- 06- 18,94.8,94.79,95.05,94.7,0.01%
1227,2018- 06- 15,94.79,94.91,95.13,94.65,0.02%
1228,2018- 06- 14,94.77,93.5,94.93,93.19,1.13%
1229,2018- 06- 13,93.71,93.83,94.03,93.52,-0.10%
1230,2018- 06- 12,93.8,93.67,93.91,93.47,0.24%
1231,2018- 06- 11,93.58,93.54,93.68,93.37,0.03%
1232,2018- 06- 08,93.55,93.44,93.82,93.39,0.16%
1233,2018- 06- 07,93.4,93.58,93.59,93.21,-0.28%
1234,2018- 06- 06,93.66,93.88,93.89,93.42,-0.26%
1235,2018- 06- 05,93.9,94.06,94.32,93.78,-0.13%
1236,2018- 06- 04,94.02,94.16,94.19,93.66,-0.18%
1237,2018- 06- 01,94.19,93.95,94.45,93.88,0.22%
1238,2018- 05- 31,93.98,94.07,94.25,93.72,-0.18%
1239,2018- 05- 30,94.15,94.82,94.97,94.04,-0.72%
1240,2018- 05- 29,94.83,94.41,95.03,94.28,0.68%
1241,2018- 05- 28,94.19,94.25,94.5,93.86,0.00%
1242,2018- 05- 25,94.19,93.8,94.3,93.75,0.46%
1243,2018- 05- 24,93.76,93.9,93.98,93.61,-0.26%
1244,2018- 05- 23,94.0,93.55,94.19,93.51,0.42%
1245,2018- 05- 22,93.61,93.54,93.73,93.29,-0.07%
1246,2018- 05- 21,93.68,93.69,94.06,93.51,0.04%
1247,2018- 05- 18,93.64,93.5,93.83,93.34,0.18%
1248,2018- 05- 17,93.47,93.26,93.56,93.12,0.09%
1249,2018- 05- 16,93.39,93.31,93.63,93.14,0.18%
1250,2018- 05- 15,93.22,92.65,93.46,92.61,0.68%
1251,2018- 05- 14,92.59,92.55,92.69,92.24,0.05%
1252,2018- 05- 11,92.54,92.69,92.84,92.37,-0.12%
1253,2018- 05- 10,92.65,93.08,93.16,92.54,-0.42%
1254,2018- 05- 09,93.04,93.05,93.42,92.84,-0.09%
1255,2018- 05- 08,93.12,92.73,93.28,92.65,0.40%
1256,2018- 05- 07,92.75,92.57,92.97,92.45,0.19%
1257,2018- 05- 04,92.57,92.43,92.9,92.35,0.17%
1258,2018- 05- 03,92.41,92.72,92.76,92.34,-0.11%
1259,2018- 05- 02,92.51,92.47,92.83,92.22,0.06%
1260,2018- 05- 01,92.45,91.81,92.57,91.8,0.66%
1261,2018- 04- 30,91.84,91.53,91.92,91.48,0.33%
1262,2018- 04- 27,91.54,91.56,91.99,91.49,-0.02%
1263,2018- 04- 26,91.56,91.21,91.64,90.96,0.43%
1264,2018- 04- 25,91.17,90.76,91.26,90.75,0.44%
1265,2018- 04- 24,90.77,90.92,91.08,90.71,-0.20%
1266,2018- 04- 23,90.95,90.35,90.98,90.32,0.70%
1267,2018- 04- 20,90.32,89.9,90.48,89.89,0.42%
1268,2018- 04- 19,89.94,89.62,89.95,89.5,0.36%
1269,2018- 04- 18,89.62,89.5,89.78,89.45,0.11%
1270,2018- 04- 17,89.52,89.41,89.67,89.23,0.11%
1271,2018- 04- 16,89.42,89.77,89.85,89.39,-0.42%
1272,2018- 04- 13,89.8,89.76,89.88,89.66,0.06%
1273,2018- 04- 12,89.75,89.52,89.96,89.44,0.20%
1274,2018- 04- 11,89.57,89.58,89.67,89.36,-0.02%
1275,2018- 04- 10,89.59,89.83,89.97,89.54,-0.28%
1276,2018- 04- 09,89.84,90.07,90.27,89.82,-0.30%
1277,2018- 04- 06,90.11,90.38,90.6,90.07,-0.39%
1278,2018- 04- 05,90.46,90.09,90.59,90.07,0.36%
1279,2018- 04- 04,90.14,90.16,90.23,89.92,-0.07%
1280,2018- 04- 03,90.2,90.02,90.28,89.85,0.17%
1281,2018- 04- 02,90.05,89.97,90.15,89.82,0.09%
1282,2018- 03- 30,89.97,90.1,90.12,89.88,-0.20%
1283,2018- 03- 29,90.15,90.11,90.18,89.9,0.10%
1284,2018- 03- 28,90.06,89.32,90.15,89.25,0.82%
1285,2018- 03- 27,89.33,89.02,89.63,88.94,0.34%
1286,2018- 03- 26,89.03,89.47,89.52,88.98,-0.50%
1287,2018- 03- 23,89.48,89.67,89.74,89.4,-0.42%
1288,2018- 03- 22,89.86,89.65,89.96,89.4,0.09%
1289,2018- 03- 21,89.78,90.41,90.4,89.63,-0.65%
1290,2018- 03- 20,90.37,89.88,90.44,89.85,0.67%
1291,2018- 03- 19,89.77,90.2,90.34,89.76,-0.51%
1292,2018- 03- 16,90.23,90.14,90.38,89.89,0.10%
1293,2018- 03- 15,90.14,89.75,90.17,89.62,0.49%
1294,2018- 03- 14,89.7,89.7,89.89,89.56,0.04%
1295,2018- 03- 13,89.66,89.91,90.11,89.59,-0.26%
1296,2018- 03- 12,89.89,90.11,90.19,89.84,-0.22%
1297,2018- 03- 09,90.09,90.2,90.36,90.0,-0.10%
1298,2018- 03- 08,90.18,89.59,90.23,89.44,0.60%
1299,2018- 03- 07,89.64,89.51,89.78,89.41,0.02%
1300,2018- 03- 06,89.62,89.96,90.06,89.43,-0.51%
1301,2018- 03- 05,90.08,89.83,90.22,89.83,0.16%
1302,2018- 03- 02,89.94,90.25,90.29,89.88,-0.42%
1303,2018- 03- 01,90.32,90.67,90.93,90.21,-0.32%
1304,2018- 02- 28,90.61,90.41,90.7,90.31,0.28%
1305,2018- 02- 27,90.36,89.8,90.5,89.69,0.57%
1306,2018- 02- 26,89.85,89.96,90.05,89.5,-0.03%
1307,2018- 02- 23,89.88,89.78,90.06,89.76,0.16%
1308,2018- 02- 22,89.74,90.16,90.23,89.64,-0.29%
1309,2018- 02- 21,90.0,89.71,90.16,89.59,0.31%
1310,2018- 02- 20,89.72,89.24,89.8,89.22,0.70%
1311,2018- 02- 19,89.1,89.1,89.44,88.95,0.00%
1312,2018- 02- 16,89.1,88.57,89.23,88.25,0.58%
1313,2018- 02- 15,88.59,88.96,89.0,88.54,-0.59%
1314,2018- 02- 14,89.12,89.69,90.12,88.94,-0.65%
1315,2018- 02- 13,89.7,90.09,90.18,89.61,-0.57%
1316,2018- 02- 12,90.21,90.35,90.43,90.07,-0.25%
1317,2018- 02- 09,90.44,90.25,90.56,90.12,0.23%
1318,2018- 02- 08,90.23,90.27,90.57,90.01,-0.02%
1319,2018- 02- 07,90.25,89.63,90.4,89.47,0.75%
1320,2018- 02- 06,89.58,89.66,90.03,89.37,0.03%
1321,2018- 02- 05,89.55,89.35,89.7,89.02,0.40%
1322,2018- 02- 02,89.19,88.64,89.42,88.59,0.59%
1323,2018- 02- 01,88.67,89.04,89.33,88.56,-0.52%
1324,2018- 01- 31,89.13,89.1,89.3,88.78,-0.03%
1325,2018- 01- 30,89.16,89.36,89.64,88.91,-0.17%
1326,2018- 01- 29,89.31,89.11,89.62,89.01,0.27%
1327,2018- 01- 26,89.07,89.4,89.4,88.72,-0.36%
1328,2018- 01- 25,89.39,89.32,89.58,88.44,0.20%
1329,2018- 01- 24,89.21,90.0,90.11,89.16,-1.01%
1330,2018- 01- 23,90.12,90.39,90.59,90.06,-0.31%
1331,2018- 01- 22,90.4,90.44,90.7,90.35,-0.19%
1332,2018- 01- 19,90.57,90.5,90.7,90.16,0.08%
1333,2018- 01- 18,90.5,90.78,90.98,90.41,-0.04%
1334,2018- 01- 17,90.54,90.41,91.0,90.11,0.17%
1335,2018- 01- 16,90.39,90.44,90.82,90.34,-0.64%
1336,2018- 01- 15,90.97,90.94,90.94,90.28,0.00%
1337,2018- 01- 12,90.97,91.85,91.88,90.9,-0.96%
1338,2018- 01- 11,91.85,92.33,92.55,91.79,-0.52%
1339,2018- 01- 10,92.33,92.57,92.57,91.92,-0.22%
1340,2018- 01- 09,92.53,92.34,92.64,92.21,0.18%
1341,2018- 01- 08,92.36,92.06,92.4,91.88,0.45%
1342,2018- 01- 05,91.95,91.87,92.1,91.78,0.11%
1343,2018- 01- 04,91.85,92.22,92.26,91.8,-0.34%
1344,2018- 01- 03,92.16,91.82,92.26,91.81,0.32%
1345,2018- 01- 02,91.87,92.24,92.25,91.75,-0.41%
1346,2018- 01- 01,92.25,92.29,92.32,92.18,-0.04%
1347,2017- 12- 31,92.28,92.28,92.28,92.28,0.18%
1348,2017- 12- 29,92.12,92.67,92.67,92.08,-0.52%
1349,2017- 12- 28,92.6,93.0,93.02,92.57,-0.46%
1350,2017- 12- 27,93.03,93.3,93.31,92.96,-0.25%
1351,2017- 12- 26,93.26,93.25,93.4,93.2,-0.10%
1352,2017- 12- 25,93.35,93.37,93.4,93.19,0.00%
1353,2017- 12- 22,93.35,93.37,93.56,93.31,0.08%
1354,2017- 12- 21,93.28,93.31,93.5,93.23,-0.03%
1355,2017- 12- 20,93.31,93.5,93.53,93.16,-0.14%
1356,2017- 12- 19,93.44,93.71,93.76,93.43,-0.27%
1357,2017- 12- 18,93.69,93.98,94.03,93.38,-0.26%
1358,2017- 12- 15,93.93,93.65,94.0,93.41,0.47%
1359,2017- 12- 14,93.49,93.41,93.76,93.28,0.06%
1360,2017- 12- 13,93.43,94.06,94.11,93.39,-0.71%
1361,2017- 12- 12,94.1,93.91,94.22,93.76,0.25%
1362,2017- 12- 11,93.87,93.93,93.98,93.67,-0.03%
1363,2017- 12- 08,93.9,93.79,94.09,93.77,0.11%
1364,2017- 12- 07,93.8,93.54,93.8,93.51,0.20%
1365,2017- 12- 06,93.61,93.31,93.65,93.17,0.25%
1366,2017- 12- 05,93.38,93.08,93.49,93.03,0.20%
1367,2017- 12- 04,93.19,93.17,93.36,93.07,0.32%
1368,2017- 12- 01,92.89,93.03,93.25,92.6,-0.17%
1369,2017- 11- 30,93.05,93.26,93.5,92.73,-0.12%
1370,2017- 11- 29,93.16,93.22,93.44,92.99,-0.12%
1371,2017- 11- 28,93.27,92.89,93.34,92.83,0.40%
1372,2017- 11- 27,92.9,92.73,92.98,92.5,0.13%
1373,2017- 11- 24,92.78,93.12,93.25,92.67,-0.47%
1374,2017- 11- 23,93.22,93.3,93.31,93.07,0.00%
1375,2017- 11- 22,93.22,93.93,93.96,93.21,-0.78%
1376,2017- 11- 21,93.95,94.04,94.17,93.88,-0.14%
1377,2017- 11- 20,94.08,93.71,94.1,93.58,0.45%
1378,2017- 11- 17,93.66,93.87,93.93,93.51,-0.29%
1379,2017- 11- 16,93.93,93.84,94.0,93.77,0.13%
1380,2017- 11- 15,93.81,93.86,93.93,93.4,-0.02%
1381,2017- 11- 14,93.83,94.52,94.54,93.75,-0.70%
1382,2017- 11- 13,94.49,94.42,94.64,94.4,0.11%
1383,2017- 11- 10,94.39,94.5,94.65,94.26,-0.05%
1384,2017- 11- 09,94.44,94.88,94.96,94.42,-0.45%
1385,2017- 11- 08,94.87,94.8,94.97,94.78,-0.04%
1386,2017- 11- 07,94.91,94.72,95.15,94.7,0.16%
1387,2017- 11- 06,94.76,94.87,95.08,94.69,-0.19%
1388,2017- 11- 03,94.94,94.73,95.02,94.41,0.26%
1389,2017- 11- 02,94.69,94.8,94.8,94.41,-0.13%
1390,2017- 11- 01,94.81,94.55,94.85,94.51,0.27%
1391,2017- 10- 31,94.55,94.54,94.7,94.45,-0.01%
1392,2017- 10- 30,94.56,94.83,94.9,94.44,-0.38%
1393,2017- 10- 27,94.92,94.72,95.15,94.73,0.33%
1394,2017- 10- 26,94.61,93.63,94.72,93.48,0.96%
1395,2017- 10- 25,93.71,93.94,94.01,93.61,-0.06%
1396,2017- 10- 24,93.77,93.83,93.99,93.68,-0.18%
1397,2017- 10- 23,93.94,93.82,94.02,93.68,0.26%
1398,2017- 10- 20,93.7,93.16,93.78,93.12,0.58%
1399,2017- 10- 19,93.16,93.42,93.55,93.06,-0.21%
1400,2017- 10- 18,93.36,93.48,93.8,93.36,-0.16%
1401,2017- 10- 17,93.51,93.31,93.73,93.28,0.21%
1402,2017- 10- 16,93.31,93.08,93.36,93.08,0.24%
1403,2017- 10- 13,93.09,93.09,93.24,92.75,0.03%
1404,2017- 10- 12,93.06,92.95,93.23,92.8,0.04%
1405,2017- 10- 11,93.02,93.25,93.37,92.9,-0.29%
1406,2017- 10- 10,93.29,93.73,93.74,93.14,-0.41%
1407,2017- 10- 09,93.67,93.77,93.84,93.62,-0.14%
1408,2017- 10- 06,93.8,93.92,94.27,93.77,-0.17%
1409,2017- 10- 05,93.96,93.48,93.99,93.41,0.53%
1410,2017- 10- 04,93.46,93.57,93.58,93.26,-0.12%
1411,2017- 10- 03,93.57,93.6,93.92,93.43,0.01%
1412,2017- 10- 02,93.56,93.22,93.66,93.12,0.52%
1413,2017- 09- 29,93.08,93.17,93.27,92.95,0.00%
1414,2017- 09- 28,93.08,93.47,93.67,93.07,-0.30%
1415,2017- 09- 27,93.36,93.04,93.61,93.0,0.42%
1416,2017- 09- 26,92.97,92.6,93.29,92.55,0.35%
1417,2017- 09- 25,92.65,92.42,92.72,92.21,0.52%
1418,2017- 09- 22,92.17,92.18,92.22,91.78,-0.02%
1419,2017- 09- 21,92.19,92.47,92.66,92.1,-0.35%
1420,2017- 09- 20,92.51,91.83,92.7,91.53,0.78%
1421,2017- 09- 19,91.79,91.98,92.05,91.75,-0.28%
1422,2017- 09- 18,92.05,91.95,92.21,91.8,0.20%
1423,2017- 09- 15,91.87,92.0,92.17,91.58,-0.27%
1424,2017- 09- 14,92.12,92.35,92.66,91.97,-0.43%
1425,2017- 09- 13,92.52,91.88,92.53,91.71,0.70%
1426,2017- 09- 12,91.88,91.86,92.08,91.77,-0.02%
1427,2017- 09- 11,91.9,91.44,91.98,91.42,0.60%
1428,2017- 09- 08,91.35,91.49,91.51,91.01,-0.34%
1429,2017- 09- 07,91.66,92.2,92.25,91.41,-0.68%
1430,2017- 09- 06,92.29,92.24,92.38,91.99,0.04%
1431,2017- 09- 05,92.25,92.6,92.73,92.18,-0.42%
1432,2017- 09- 04,92.64,92.66,92.7,92.44,-0.18%
1433,2017- 09- 01,92.81,92.61,92.93,92.1,0.15%
1434,2017- 08- 31,92.67,92.85,93.35,92.56,-0.23%
1435,2017- 08- 30,92.88,92.3,92.95,92.25,0.68%
1436,2017- 08- 29,92.25,92.22,92.47,91.62,0.04%
1437,2017- 08- 28,92.21,92.32,92.55,92.17,-0.57%
1438,2017- 08- 25,92.74,93.27,93.44,92.42,-0.58%
1439,2017- 08- 24,93.28,93.16,93.38,93.14,0.14%
1440,2017- 08- 23,93.15,93.51,93.63,93.13,-0.43%
1441,2017- 08- 22,93.55,93.14,93.58,93.06,0.49%
1442,2017- 08- 21,93.09,93.45,93.58,93.0,-0.36%
1443,2017- 08- 18,93.43,93.68,93.76,93.33,-0.20%
1444,2017- 08- 17,93.62,93.44,94.08,93.31,0.09%
1445,2017- 08- 16,93.54,93.83,94.14,93.47,-0.33%
1446,2017- 08- 15,93.85,93.46,94.14,93.44,0.47%
1447,2017- 08- 14,93.41,93.07,93.5,93.05,0.37%
1448,2017- 08- 11,93.07,93.43,93.51,92.93,-0.35%
1449,2017- 08- 10,93.4,93.5,93.81,93.32,-0.16%
1450,2017- 08- 09,93.55,93.56,93.89,93.49,-0.11%
1451,2017- 08- 08,93.65,93.44,93.88,93.24,0.24%
1452,2017- 08- 07,93.43,93.51,93.54,93.3,-0.12%
1453,2017- 08- 04,93.54,92.76,93.77,92.7,0.75%
1454,2017- 08- 03,92.84,92.9,93.04,92.68,0.00%
1455,2017- 08- 02,92.84,93.06,93.16,92.55,-0.21%
1456,2017- 08- 01,93.04,92.89,93.12,92.78,0.19%
1457,2017- 07- 31,92.86,93.36,93.53,92.78,-0.43%
1458,2017- 07- 28,93.26,93.87,93.95,93.26,-0.64%
1459,2017- 07- 27,93.86,93.46,94.1,93.15,0.20%
1460,2017- 07- 26,93.67,94.09,94.28,93.37,-0.40%
1461,2017- 07- 25,94.05,94.03,94.12,93.64,0.07%
1462,2017- 07- 24,93.98,93.94,94.12,93.82,0.13%
1463,2017- 07- 21,93.86,94.3,94.36,93.85,-0.48%
1464,2017- 07- 20,94.31,94.77,95.17,94.09,-0.50%
1465,2017- 07- 19,94.78,94.69,94.89,94.64,0.19%
1466,2017- 07- 18,94.6,95.16,95.19,94.48,-0.56%
1467,2017- 07- 17,95.13,95.09,95.35,95.02,-0.02%
1468,2017- 07- 14,95.15,95.8,95.83,95.09,-0.61%
1469,2017- 07- 13,95.73,95.78,95.92,95.46,-0.03%
1470,2017- 07- 12,95.76,95.71,95.98,95.51,0.09%
1471,2017- 07- 11,95.67,96.07,96.2,95.65,-0.36%
1472,2017- 07- 10,96.02,96.03,96.2,95.95,0.01%
1473,2017- 07- 07,96.01,95.8,96.15,95.75,0.22%
1474,2017- 07- 06,95.8,96.19,96.34,95.78,-0.51%
1475,2017- 07- 05,96.29,96.19,96.51,96.07,0.07%
1476,2017- 07- 04,96.22,96.16,96.33,96.05,0.00%
1477,2017- 07- 03,96.22,95.65,96.24,95.63,0.62%
1478,2017- 06- 30,95.63,95.54,95.83,95.47,0.00%
1479,2017- 06- 29,95.63,96.04,96.05,95.53,-0.40%
1480,2017- 06- 28,96.01,96.43,96.62,95.97,-0.39%
1481,2017- 06- 27,96.39,97.43,97.45,96.34,-1.07%
1482,2017- 06- 26,97.43,97.24,97.47,97.11,0.17%
1483,2017- 06- 23,97.26,97.56,97.58,97.18,-0.34%
1484,2017- 06- 22,97.59,97.55,97.65,97.43,0.03%
1485,2017- 06- 21,97.56,97.73,97.8,97.52,-0.20%
1486,2017- 06- 20,97.76,97.53,97.87,97.43,0.22%
1487,2017- 06- 19,97.55,97.1,97.58,97.05,0.40%
1488,2017- 06- 16,97.16,97.48,97.56,97.1,-0.28%
1489,2017- 06- 15,97.43,96.93,97.56,96.84,0.51%
1490,2017- 06- 14,96.94,97.0,97.12,96.32,-0.03%
1491,2017- 06- 13,96.97,97.17,97.28,96.95,-0.18%
1492,2017- 06- 12,97.14,97.22,97.32,97.04,-0.13%
1493,2017- 06- 09,97.27,97.18,97.5,97.14,0.36%
1494,2017- 06- 08,96.92,96.7,97.23,96.59,0.18%
1495,2017- 06- 07,96.75,96.54,96.98,96.51,0.11%
1496,2017- 06- 06,96.64,96.79,96.8,96.52,-0.17%
1497,2017- 06- 05,96.8,96.73,96.97,96.7,0.08%
1498,2017- 06- 02,96.72,97.19,97.31,96.65,-0.49%
1499,2017- 06- 01,97.2,96.99,97.32,96.9,0.29%
1500,2017- 05- 31,96.92,97.43,97.5,96.86,-0.37%
1501,2017- 05- 30,97.28,97.63,97.78,97.22,-0.16%
1502,2017- 05- 29,97.44,97.43,97.61,97.33,0.00%
1503,2017- 05- 26,97.44,97.23,97.55,97.04,0.20%
1504,2017- 05- 25,97.25,97.07,97.28,96.88,0.01%
1505,2017- 05- 24,97.24,97.34,97.47,97.03,-0.11%
1506,2017- 05- 23,97.35,96.95,97.42,96.8,0.38%
1507,2017- 05- 22,96.98,97.22,97.44,96.8,-0.16%
1508,2017- 05- 19,97.14,97.85,97.85,97.08,-0.76%
1509,2017- 05- 18,97.88,97.44,98.07,97.37,0.31%
1510,2017- 05- 17,97.58,98.09,98.13,97.33,-0.54%
1511,2017- 05- 16,98.11,98.88,98.89,98.08,-0.81%
1512,2017- 05- 15,98.91,99.15,99.26,98.79,-0.34%
1513,2017- 05- 12,99.25,99.63,99.7,99.16,-0.37%
1514,2017- 05- 11,99.62,99.66,99.89,99.49,-0.05%
1515,2017- 05- 10,99.67,99.48,99.72,99.36,0.01%
1516,2017- 05- 09,99.66,99.14,99.69,99.08,0.61%
1517,2017- 05- 08,99.06,98.79,99.19,98.6,0.42%
1518,2017- 05- 05,98.65,98.77,98.97,98.54,-0.15%
1519,2017- 05- 04,98.8,99.35,99.46,98.71,-0.41%
1520,2017- 05- 03,99.21,98.92,99.39,98.89,0.23%
1521,2017- 05- 02,98.98,99.07,99.22,98.92,-0.10%
1522,2017- 05- 01,99.08,98.93,99.21,98.89,0.03%
1523,2017- 04- 28,99.05,99.17,99.25,98.72,-0.03%
1524,2017- 04- 27,99.08,98.95,99.33,98.81,0.03%
1525,2017- 04- 26,99.05,98.85,99.33,98.73,0.27%
1526,2017- 04- 25,98.78,99.05,99.22,98.69,-0.31%
1527,2017- 04- 24,99.09,98.97,99.33,98.91,-0.89%
1528,2017- 04- 21,99.98,99.83,100.03,99.65,0.20%
1529,2017- 04- 20,99.78,99.78,99.85,99.37,0.04%
1530,2017- 04- 19,99.74,99.51,99.89,99.51,0.24%
1531,2017- 04- 18,99.5,100.34,100.4,99.47,-0.79%
1532,2017- 04- 17,100.29,100.49,100.47,100.0,-0.27%
1533,2017- 04- 14,100.56,100.58,100.61,100.36,0.00%
1534,2017- 04- 13,100.56,100.16,100.6,100.01,-0.22%
1535,2017- 04- 12,100.78,100.73,100.82,100.09,0.07%
1536,2017- 04- 11,100.71,100.97,101.08,100.58,-0.31%
1537,2017- 04- 10,101.02,101.18,101.34,100.94,-0.16%
1538,2017- 04- 07,101.18,100.73,101.26,100.52,0.51%
1539,2017- 04- 06,100.67,100.5,100.77,100.38,0.11%
1540,2017- 04- 05,100.56,100.52,100.85,100.41,0.02%
1541,2017- 04- 04,100.54,100.49,100.73,100.42,0.00%
1542,2017- 04- 03,100.54,100.5,100.69,100.37,0.19%
1543,2017- 03- 31,100.35,100.49,100.65,100.25,-0.06%
1544,2017- 03- 30,100.41,99.96,100.6,99.92,0.41%
1545,2017- 03- 29,100.0,99.7,100.13,99.67,0.29%
1546,2017- 03- 28,99.71,99.22,99.79,99.11,0.54%
1547,2017- 03- 27,99.17,99.47,99.53,98.86,-0.46%
1548,2017- 03- 24,99.63,99.77,100.0,99.53,-0.13%
1549,2017- 03- 23,99.76,99.75,99.87,99.63,0.08%
1550,2017- 03- 22,99.68,99.69,99.93,99.55,-0.13%
1551,2017- 03- 21,99.81,100.37,100.47,99.66,-0.60%
1552,2017- 03- 20,100.41,100.36,100.45,100.02,0.11%
1553,2017- 03- 17,100.3,100.24,100.47,100.14,-0.06%
1554,2017- 03- 16,100.36,100.56,100.75,100.21,-0.38%
1555,2017- 03- 15,100.74,101.71,101.72,100.49,-0.94%
1556,2017- 03- 14,101.7,101.4,101.79,101.34,0.38%
1557,2017- 03- 13,101.31,101.31,101.39,101.01,0.06%
1558,2017- 03- 10,101.25,101.99,102.0,101.17,-0.59%
1559,2017- 03- 09,101.85,102.11,102.25,101.7,-0.22%
1560,2017- 03- 08,102.07,101.79,102.19,101.71,0.26%
1561,2017- 03- 07,101.81,101.68,101.91,101.53,0.17%
1562,2017- 03- 06,101.64,101.4,101.75,101.22,0.10%
1563,2017- 03- 03,101.54,102.13,102.17,101.34,-0.65%
1564,2017- 03- 02,102.2,101.92,102.26,101.78,0.41%
1565,2017- 03- 01,101.78,101.43,101.97,101.23,0.65%
