,Date,Google_trends
0,2017-07-01,13.0
1,2017-07-02,13.225806451612904
2,2017-07-03,13.451612903225806
3,2017-07-04,13.67741935483871
4,2017-07-05,13.903225806451614
5,2017-07-06,14.129032258064516
6,2017-07-07,14.35483870967742
7,2017-07-08,14.580645161290322
8,2017-07-09,14.806451612903226
9,2017-07-10,15.032258064516126
10,2017-07-11,15.258064516129034
11,2017-07-12,15.483870967741936
12,2017-07-13,15.709677419354836
13,2017-07-14,15.93548387096774
14,2017-07-15,16.161290322580644
15,2017-07-16,16.387096774193548
16,2017-07-17,16.612903225806452
17,2017-07-18,16.838709677419356
18,2017-07-19,17.064516129032256
19,2017-07-20,17.29032258064516
20,2017-07-21,17.516129032258064
21,2017-07-22,17.741935483870968
22,2017-07-23,17.967741935483872
23,2017-07-24,18.193548387096776
24,2017-07-25,18.41935483870968
25,2017-07-26,18.645161290322577
26,2017-07-27,18.870967741935484
27,2017-07-28,19.096774193548384
28,2017-07-29,19.32258064516129
29,2017-07-30,19.548387096774192
30,2017-07-31,19.774193548387093
31,2017-08-01,20.0
32,2017-08-02,20.06451612903226
33,2017-08-03,20.12903225806452
34,2017-08-04,20.193548387096776
35,2017-08-05,20.258064516129032
36,2017-08-06,20.32258064516129
37,2017-08-07,20.387096774193548
38,2017-08-08,20.451612903225808
39,2017-08-09,20.516129032258068
40,2017-08-10,20.580645161290324
41,2017-08-11,20.645161290322577
42,2017-08-12,20.70967741935484
43,2017-08-13,20.774193548387093
44,2017-08-14,20.83870967741936
45,2017-08-15,20.90322580645161
46,2017-08-16,20.967741935483872
47,2017-08-17,21.032258064516128
48,2017-08-18,21.096774193548384
49,2017-08-19,21.161290322580644
50,2017-08-20,21.225806451612907
51,2017-08-21,21.29032258064516
52,2017-08-22,21.354838709677423
53,2017-08-23,21.41935483870968
54,2017-08-24,21.48387096774193
55,2017-08-25,21.548387096774192
56,2017-08-26,21.61290322580645
57,2017-08-27,21.677419354838705
58,2017-08-28,21.741935483870968
59,2017-08-29,21.806451612903228
60,2017-08-30,21.87096774193548
61,2017-08-31,21.935483870967747
62,2017-09-01,22.0
63,2017-09-02,22.03333333333333
64,2017-09-03,22.066666666666663
65,2017-09-04,22.1
66,2017-09-05,22.13333333333333
67,2017-09-06,22.16666666666667
68,2017-09-07,22.2
69,2017-09-08,22.23333333333333
70,2017-09-09,22.266666666666666
71,2017-09-10,22.3
72,2017-09-11,22.33333333333333
73,2017-09-12,22.36666666666667
74,2017-09-13,22.4
75,2017-09-14,22.43333333333333
76,2017-09-15,22.466666666666665
77,2017-09-16,22.5
78,2017-09-17,22.53333333333333
79,2017-09-18,22.566666666666663
80,2017-09-19,22.6
81,2017-09-20,22.63333333333333
82,2017-09-21,22.66666666666667
83,2017-09-22,22.7
84,2017-09-23,22.73333333333333
85,2017-09-24,22.766666666666666
86,2017-09-25,22.8
87,2017-09-26,22.83333333333333
88,2017-09-27,22.86666666666667
89,2017-09-28,22.9
90,2017-09-29,22.93333333333333
91,2017-09-30,22.966666666666665
92,2017-10-01,23.0
93,2017-10-02,23.70967741935484
94,2017-10-03,24.41935483870968
95,2017-10-04,25.12903225806452
96,2017-10-05,25.83870967741936
97,2017-10-06,26.548387096774192
98,2017-10-07,27.258064516129032
99,2017-10-08,27.967741935483872
100,2017-10-09,28.677419354838708
101,2017-10-10,29.387096774193548
102,2017-10-11,30.096774193548388
103,2017-10-12,30.806451612903228
104,2017-10-13,31.516129032258068
105,2017-10-14,32.225806451612904
106,2017-10-15,32.935483870967744
107,2017-10-16,33.645161290322584
108,2017-10-17,34.354838709677416
109,2017-10-18,35.064516129032256
110,2017-10-19,35.774193548387096
111,2017-10-20,36.483870967741936
112,2017-10-21,37.19354838709677
113,2017-10-22,37.903225806451616
114,2017-10-23,38.61290322580645
115,2017-10-24,39.322580645161295
116,2017-10-25,40.032258064516135
117,2017-10-26,40.74193548387097
118,2017-10-27,41.451612903225815
119,2017-10-28,42.16129032258065
120,2017-10-29,42.870967741935495
121,2017-10-30,43.58064516129032
122,2017-10-31,44.29032258064517
123,2017-11-01,45.0
124,2017-11-02,46.83333333333334
125,2017-11-03,48.66666666666666
126,2017-11-04,50.5
127,2017-11-05,52.33333333333334
128,2017-11-06,54.16666666666666
129,2017-11-07,56.0
130,2017-11-08,57.83333333333333
131,2017-11-09,59.66666666666666
132,2017-11-10,61.5
133,2017-11-11,63.33333333333333
134,2017-11-12,65.16666666666666
135,2017-11-13,67.0
136,2017-11-14,68.83333333333333
137,2017-11-15,70.66666666666666
138,2017-11-16,72.5
139,2017-11-17,74.33333333333333
140,2017-11-18,76.16666666666666
141,2017-11-19,78.0
142,2017-11-20,79.83333333333333
143,2017-11-21,81.66666666666666
144,2017-11-22,83.5
145,2017-11-23,85.33333333333333
146,2017-11-24,87.16666666666666
147,2017-11-25,89.0
148,2017-11-26,90.83333333333331
149,2017-11-27,92.66666666666666
150,2017-11-28,94.5
151,2017-11-29,96.33333333333331
152,2017-11-30,98.16666666666666
153,2017-12-01,100.0
154,2017-12-02,98.61290322580643
155,2017-12-03,97.22580645161293
156,2017-12-04,95.83870967741936
157,2017-12-05,94.4516129032258
158,2017-12-06,93.06451612903228
159,2017-12-07,91.67741935483868
160,2017-12-08,90.29032258064515
161,2017-12-09,88.90322580645163
162,2017-12-10,87.51612903225808
163,2017-12-11,86.12903225806451
164,2017-12-12,84.74193548387096
165,2017-12-13,83.35483870967741
166,2017-12-14,81.96774193548387
167,2017-12-15,80.5806451612903
168,2017-12-16,79.19354838709677
169,2017-12-17,77.80645161290323
170,2017-12-18,76.4193548387097
171,2017-12-19,75.03225806451613
172,2017-12-20,73.64516129032258
173,2017-12-21,72.25806451612901
174,2017-12-22,70.87096774193549
175,2017-12-23,69.48387096774194
176,2017-12-24,68.09677419354838
177,2017-12-25,66.70967741935483
178,2017-12-26,65.32258064516128
179,2017-12-27,63.935483870967744
180,2017-12-28,62.548387096774185
181,2017-12-29,61.16129032258064
182,2017-12-30,59.774193548387096
183,2017-12-31,58.38709677419354
184,2018-01-01,57.0
185,2018-01-02,56.483870967741936
186,2018-01-03,55.967741935483865
187,2018-01-04,55.451612903225815
188,2018-01-05,54.935483870967744
189,2018-01-06,54.41935483870968
190,2018-01-07,53.903225806451616
191,2018-01-08,53.38709677419354
192,2018-01-09,52.870967741935495
193,2018-01-10,52.354838709677416
194,2018-01-11,51.83870967741935
195,2018-01-12,51.32258064516129
196,2018-01-13,50.80645161290322
197,2018-01-14,50.29032258064516
198,2018-01-15,49.774193548387096
199,2018-01-16,49.25806451612904
200,2018-01-17,48.74193548387096
201,2018-01-18,48.2258064516129
202,2018-01-19,47.70967741935484
203,2018-01-20,47.193548387096776
204,2018-01-21,46.67741935483871
205,2018-01-22,46.161290322580655
206,2018-01-23,45.64516129032258
207,2018-01-24,45.129032258064505
208,2018-01-25,44.612903225806456
209,2018-01-26,44.096774193548384
210,2018-01-27,43.58064516129032
211,2018-01-28,43.064516129032256
212,2018-01-29,42.548387096774185
213,2018-01-30,42.032258064516135
214,2018-01-31,41.516129032258064
215,2018-02-01,41.0
216,2018-02-02,40.35714285714285
217,2018-02-03,39.71428571428572
218,2018-02-04,39.07142857142857
219,2018-02-05,38.42857142857143
220,2018-02-06,37.785714285714285
221,2018-02-07,37.14285714285714
222,2018-02-08,36.5
223,2018-02-09,35.857142857142854
224,2018-02-10,35.214285714285715
225,2018-02-11,34.57142857142857
226,2018-02-12,33.92857142857143
227,2018-02-13,33.285714285714285
228,2018-02-14,32.64285714285714
229,2018-02-15,32.0
230,2018-02-16,31.35714285714285
231,2018-02-17,30.714285714285715
232,2018-02-18,30.07142857142857
233,2018-02-19,29.42857142857143
234,2018-02-20,28.785714285714285
235,2018-02-21,28.142857142857142
236,2018-02-22,27.5
237,2018-02-23,26.85714285714285
238,2018-02-24,26.214285714285715
239,2018-02-25,25.57142857142857
240,2018-02-26,24.92857142857143
241,2018-02-27,24.285714285714285
242,2018-02-28,23.642857142857142
243,2018-03-01,23.0
244,2018-03-02,22.87096774193548
245,2018-03-03,22.741935483870968
246,2018-03-04,22.61290322580645
247,2018-03-05,22.48387096774193
248,2018-03-06,22.35483870967742
249,2018-03-07,22.225806451612907
250,2018-03-08,22.096774193548388
251,2018-03-09,21.967741935483872
252,2018-03-10,21.83870967741936
253,2018-03-11,21.70967741935484
254,2018-03-12,21.580645161290327
255,2018-03-13,21.451612903225808
256,2018-03-14,21.32258064516129
257,2018-03-15,21.193548387096776
258,2018-03-16,21.064516129032253
259,2018-03-17,20.935483870967747
260,2018-03-18,20.806451612903224
261,2018-03-19,20.677419354838708
262,2018-03-20,20.548387096774192
263,2018-03-21,20.41935483870968
264,2018-03-22,20.29032258064516
265,2018-03-23,20.161290322580644
266,2018-03-24,20.032258064516128
267,2018-03-25,19.90322580645161
268,2018-03-26,19.774193548387093
269,2018-03-27,19.645161290322577
270,2018-03-28,19.516129032258068
271,2018-03-29,19.387096774193548
272,2018-03-30,19.258064516129032
273,2018-03-31,19.12903225806452
274,2018-04-01,19.0
275,2018-04-02,18.866666666666667
276,2018-04-03,18.73333333333333
277,2018-04-04,18.6
278,2018-04-05,18.466666666666665
279,2018-04-06,18.33333333333333
280,2018-04-07,18.2
281,2018-04-08,18.066666666666663
282,2018-04-09,17.933333333333334
283,2018-04-10,17.8
284,2018-04-11,17.666666666666668
285,2018-04-12,17.533333333333335
286,2018-04-13,17.4
287,2018-04-14,17.266666666666666
288,2018-04-15,17.133333333333333
289,2018-04-16,17.0
290,2018-04-17,16.866666666666667
291,2018-04-18,16.733333333333334
292,2018-04-19,16.6
293,2018-04-20,16.46666666666667
294,2018-04-21,16.333333333333332
295,2018-04-22,16.2
296,2018-04-23,16.066666666666666
297,2018-04-24,15.933333333333335
298,2018-04-25,15.8
299,2018-04-26,15.666666666666664
300,2018-04-27,15.533333333333331
301,2018-04-28,15.4
302,2018-04-29,15.266666666666666
303,2018-04-30,15.133333333333333
304,2018-05-01,15.0
305,2018-05-02,14.93548387096774
306,2018-05-03,14.870967741935484
307,2018-05-04,14.806451612903226
308,2018-05-05,14.741935483870966
309,2018-05-06,14.67741935483871
310,2018-05-07,14.612903225806454
311,2018-05-08,14.548387096774194
312,2018-05-09,14.483870967741936
313,2018-05-10,14.419354838709678
314,2018-05-11,14.35483870967742
315,2018-05-12,14.290322580645164
316,2018-05-13,14.225806451612904
317,2018-05-14,14.161290322580646
318,2018-05-15,14.096774193548386
319,2018-05-16,14.032258064516126
320,2018-05-17,13.967741935483874
321,2018-05-18,13.903225806451614
322,2018-05-19,13.838709677419354
323,2018-05-20,13.774193548387096
324,2018-05-21,13.709677419354836
325,2018-05-22,13.64516129032258
326,2018-05-23,13.580645161290322
327,2018-05-24,13.516129032258064
328,2018-05-25,13.451612903225806
329,2018-05-26,13.387096774193546
330,2018-05-27,13.32258064516129
331,2018-05-28,13.258064516129034
332,2018-05-29,13.193548387096774
333,2018-05-30,13.129032258064516
334,2018-05-31,13.06451612903226
335,2018-06-01,13.0
336,2018-06-02,13.0
337,2018-06-03,13.0
338,2018-06-04,13.0
339,2018-06-05,13.0
340,2018-06-06,13.0
341,2018-06-07,13.0
342,2018-06-08,13.0
343,2018-06-09,13.0
344,2018-06-10,13.0
345,2018-06-11,13.0
346,2018-06-12,13.0
347,2018-06-13,13.0
348,2018-06-14,13.0
349,2018-06-15,13.0
350,2018-06-16,13.0
351,2018-06-17,13.0
352,2018-06-18,13.0
353,2018-06-19,13.0
354,2018-06-20,13.0
355,2018-06-21,13.0
356,2018-06-22,13.0
357,2018-06-23,13.0
358,2018-06-24,13.0
359,2018-06-25,13.0
360,2018-06-26,13.0
361,2018-06-27,13.0
362,2018-06-28,13.0
363,2018-06-29,13.0
364,2018-06-30,13.0
365,2018-07-01,13.0
366,2018-07-02,12.967741935483868
367,2018-07-03,12.93548387096774
368,2018-07-04,12.903225806451614
369,2018-07-05,12.870967741935484
370,2018-07-06,12.838709677419354
371,2018-07-07,12.806451612903226
372,2018-07-08,12.774193548387096
373,2018-07-09,12.741935483870966
374,2018-07-10,12.709677419354836
375,2018-07-11,12.67741935483871
376,2018-07-12,12.64516129032258
377,2018-07-13,12.612903225806454
378,2018-07-14,12.580645161290322
379,2018-07-15,12.548387096774194
380,2018-07-16,12.516129032258064
381,2018-07-17,12.483870967741936
382,2018-07-18,12.451612903225806
383,2018-07-19,12.419354838709678
384,2018-07-20,12.387096774193546
385,2018-07-21,12.35483870967742
386,2018-07-22,12.32258064516129
387,2018-07-23,12.290322580645164
388,2018-07-24,12.258064516129034
389,2018-07-25,12.225806451612904
390,2018-07-26,12.193548387096774
391,2018-07-27,12.161290322580646
392,2018-07-28,12.129032258064516
393,2018-07-29,12.096774193548386
394,2018-07-30,12.06451612903226
395,2018-07-31,12.032258064516126
396,2018-08-01,12.0
397,2018-08-02,11.967741935483868
398,2018-08-03,11.93548387096774
399,2018-08-04,11.903225806451614
400,2018-08-05,11.870967741935484
401,2018-08-06,11.838709677419354
402,2018-08-07,11.806451612903226
403,2018-08-08,11.774193548387096
404,2018-08-09,11.741935483870966
405,2018-08-10,11.709677419354836
406,2018-08-11,11.67741935483871
407,2018-08-12,11.64516129032258
408,2018-08-13,11.612903225806454
409,2018-08-14,11.580645161290322
410,2018-08-15,11.548387096774194
411,2018-08-16,11.516129032258064
412,2018-08-17,11.483870967741936
413,2018-08-18,11.451612903225806
414,2018-08-19,11.419354838709678
415,2018-08-20,11.387096774193546
416,2018-08-21,11.35483870967742
417,2018-08-22,11.32258064516129
418,2018-08-23,11.290322580645164
419,2018-08-24,11.258064516129034
420,2018-08-25,11.225806451612904
421,2018-08-26,11.193548387096774
422,2018-08-27,11.161290322580648
423,2018-08-28,11.129032258064516
424,2018-08-29,11.096774193548386
425,2018-08-30,11.06451612903226
426,2018-08-31,11.032258064516126
427,2018-09-01,11.0
428,2018-09-02,10.966666666666669
429,2018-09-03,10.933333333333335
430,2018-09-04,10.9
431,2018-09-05,10.866666666666667
432,2018-09-06,10.833333333333336
433,2018-09-07,10.8
434,2018-09-08,10.766666666666667
435,2018-09-09,10.733333333333333
436,2018-09-10,10.7
437,2018-09-11,10.666666666666666
438,2018-09-12,10.633333333333333
439,2018-09-13,10.6
440,2018-09-14,10.566666666666666
441,2018-09-15,10.533333333333331
442,2018-09-16,10.5
443,2018-09-17,10.466666666666669
444,2018-09-18,10.433333333333334
445,2018-09-19,10.4
446,2018-09-20,10.366666666666667
447,2018-09-21,10.333333333333334
448,2018-09-22,10.3
449,2018-09-23,10.266666666666667
450,2018-09-24,10.233333333333334
451,2018-09-25,10.2
452,2018-09-26,10.166666666666666
453,2018-09-27,10.133333333333333
454,2018-09-28,10.1
455,2018-09-29,10.066666666666666
456,2018-09-30,10.033333333333331
457,2018-10-01,10.0
458,2018-10-02,10.129032258064516
459,2018-10-03,10.258064516129034
460,2018-10-04,10.387096774193546
461,2018-10-05,10.516129032258064
462,2018-10-06,10.64516129032258
463,2018-10-07,10.774193548387096
464,2018-10-08,10.903225806451614
465,2018-10-09,11.032258064516126
466,2018-10-10,11.161290322580646
467,2018-10-11,11.290322580645164
468,2018-10-12,11.419354838709678
469,2018-10-13,11.548387096774194
470,2018-10-14,11.67741935483871
471,2018-10-15,11.806451612903226
472,2018-10-16,11.93548387096774
473,2018-10-17,12.06451612903226
474,2018-10-18,12.193548387096774
475,2018-10-19,12.32258064516129
476,2018-10-20,12.451612903225806
477,2018-10-21,12.580645161290322
478,2018-10-22,12.709677419354836
479,2018-10-23,12.838709677419354
480,2018-10-24,12.967741935483874
481,2018-10-25,13.096774193548386
482,2018-10-26,13.225806451612904
483,2018-10-27,13.35483870967742
484,2018-10-28,13.483870967741936
485,2018-10-29,13.612903225806454
486,2018-10-30,13.741935483870966
487,2018-10-31,13.870967741935484
488,2018-11-01,14.0
489,2018-11-02,13.966666666666669
490,2018-11-03,13.933333333333335
491,2018-11-04,13.9
492,2018-11-05,13.866666666666667
493,2018-11-06,13.833333333333336
494,2018-11-07,13.8
495,2018-11-08,13.766666666666667
496,2018-11-09,13.733333333333333
497,2018-11-10,13.7
498,2018-11-11,13.666666666666664
499,2018-11-12,13.633333333333333
500,2018-11-13,13.6
501,2018-11-14,13.566666666666665
502,2018-11-15,13.533333333333331
503,2018-11-16,13.5
504,2018-11-17,13.466666666666669
505,2018-11-18,13.433333333333335
506,2018-11-19,13.4
507,2018-11-20,13.366666666666667
508,2018-11-21,13.333333333333336
509,2018-11-22,13.3
510,2018-11-23,13.266666666666667
511,2018-11-24,13.233333333333334
512,2018-11-25,13.2
513,2018-11-26,13.166666666666664
514,2018-11-27,13.133333333333333
515,2018-11-28,13.1
516,2018-11-29,13.066666666666665
517,2018-11-30,13.033333333333331
518,2018-12-01,13.0
519,2018-12-02,12.903225806451614
520,2018-12-03,12.806451612903226
521,2018-12-04,12.709677419354836
522,2018-12-05,12.612903225806454
523,2018-12-06,12.516129032258064
524,2018-12-07,12.419354838709678
525,2018-12-08,12.32258064516129
526,2018-12-09,12.225806451612904
527,2018-12-10,12.129032258064516
528,2018-12-11,12.032258064516126
529,2018-12-12,11.93548387096774
530,2018-12-13,11.838709677419354
531,2018-12-14,11.741935483870966
532,2018-12-15,11.64516129032258
533,2018-12-16,11.548387096774194
534,2018-12-17,11.451612903225806
535,2018-12-18,11.35483870967742
536,2018-12-19,11.258064516129034
537,2018-12-20,11.161290322580648
538,2018-12-21,11.06451612903226
539,2018-12-22,10.967741935483874
540,2018-12-23,10.870967741935484
541,2018-12-24,10.774193548387096
542,2018-12-25,10.677419354838712
543,2018-12-26,10.580645161290322
544,2018-12-27,10.483870967741936
545,2018-12-28,10.387096774193546
546,2018-12-29,10.290322580645162
547,2018-12-30,10.193548387096774
548,2018-12-31,10.096774193548388
549,2019-01-01,10.0
550,2019-01-02,9.96774193548387
551,2019-01-03,9.935483870967742
552,2019-01-04,9.903225806451612
553,2019-01-05,9.870967741935484
554,2019-01-06,9.838709677419354
555,2019-01-07,9.806451612903226
556,2019-01-08,9.774193548387096
557,2019-01-09,9.741935483870966
558,2019-01-10,9.709677419354838
559,2019-01-11,9.677419354838712
560,2019-01-12,9.64516129032258
561,2019-01-13,9.612903225806454
562,2019-01-14,9.580645161290322
563,2019-01-15,9.548387096774192
564,2019-01-16,9.516129032258064
565,2019-01-17,9.483870967741936
566,2019-01-18,9.451612903225808
567,2019-01-19,9.419354838709678
568,2019-01-20,9.387096774193546
569,2019-01-21,9.35483870967742
570,2019-01-22,9.322580645161288
571,2019-01-23,9.290322580645162
572,2019-01-24,9.258064516129034
573,2019-01-25,9.225806451612904
574,2019-01-26,9.193548387096774
575,2019-01-27,9.161290322580646
576,2019-01-28,9.129032258064516
577,2019-01-29,9.096774193548388
578,2019-01-30,9.064516129032258
579,2019-01-31,9.032258064516126
580,2019-02-01,9.0
581,2019-02-02,9.0
582,2019-02-03,9.0
583,2019-02-04,9.0
584,2019-02-05,9.0
585,2019-02-06,9.0
586,2019-02-07,9.0
587,2019-02-08,9.0
588,2019-02-09,9.0
589,2019-02-10,9.0
590,2019-02-11,9.0
591,2019-02-12,9.0
592,2019-02-13,9.0
593,2019-02-14,9.0
594,2019-02-15,9.0
595,2019-02-16,9.0
596,2019-02-17,9.0
597,2019-02-18,9.0
598,2019-02-19,9.0
599,2019-02-20,9.0
600,2019-02-21,9.0
601,2019-02-22,9.0
602,2019-02-23,9.0
603,2019-02-24,9.0
604,2019-02-25,9.0
605,2019-02-26,9.0
606,2019-02-27,9.0
607,2019-02-28,9.0
608,2019-03-01,9.0
609,2019-03-02,9.096774193548388
610,2019-03-03,9.193548387096774
611,2019-03-04,9.290322580645162
612,2019-03-05,9.387096774193546
613,2019-03-06,9.483870967741936
614,2019-03-07,9.580645161290322
615,2019-03-08,9.677419354838712
616,2019-03-09,9.774193548387096
617,2019-03-10,9.870967741935484
618,2019-03-11,9.967741935483874
619,2019-03-12,10.064516129032258
620,2019-03-13,10.161290322580646
621,2019-03-14,10.258064516129034
622,2019-03-15,10.35483870967742
623,2019-03-16,10.451612903225808
624,2019-03-17,10.548387096774192
625,2019-03-18,10.64516129032258
626,2019-03-19,10.741935483870966
627,2019-03-20,10.838709677419352
628,2019-03-21,10.93548387096774
629,2019-03-22,11.032258064516126
630,2019-03-23,11.129032258064516
631,2019-03-24,11.225806451612904
632,2019-03-25,11.32258064516129
633,2019-03-26,11.419354838709678
634,2019-03-27,11.516129032258064
635,2019-03-28,11.612903225806454
636,2019-03-29,11.709677419354836
637,2019-03-30,11.806451612903226
638,2019-03-31,11.903225806451614
639,2019-04-01,12.0
640,2019-04-02,12.133333333333333
641,2019-04-03,12.266666666666667
642,2019-04-04,12.4
643,2019-04-05,12.533333333333331
644,2019-04-06,12.666666666666664
645,2019-04-07,12.8
646,2019-04-08,12.933333333333335
647,2019-04-09,13.066666666666665
648,2019-04-10,13.2
649,2019-04-11,13.333333333333336
650,2019-04-12,13.466666666666669
651,2019-04-13,13.6
652,2019-04-14,13.733333333333334
653,2019-04-15,13.866666666666667
654,2019-04-16,14.0
655,2019-04-17,14.133333333333333
656,2019-04-18,14.266666666666666
657,2019-04-19,14.4
658,2019-04-20,14.533333333333331
659,2019-04-21,14.666666666666664
660,2019-04-22,14.8
661,2019-04-23,14.933333333333335
662,2019-04-24,15.066666666666665
663,2019-04-25,15.2
664,2019-04-26,15.333333333333336
665,2019-04-27,15.466666666666669
666,2019-04-28,15.6
667,2019-04-29,15.733333333333334
668,2019-04-30,15.866666666666667
669,2019-05-01,16.0
670,2019-05-02,16.129032258064516
671,2019-05-03,16.258064516129032
672,2019-05-04,16.387096774193548
673,2019-05-05,16.516129032258064
674,2019-05-06,16.64516129032258
675,2019-05-07,16.774193548387096
676,2019-05-08,16.903225806451616
677,2019-05-09,17.032258064516128
678,2019-05-10,17.161290322580644
679,2019-05-11,17.29032258064516
680,2019-05-12,17.419354838709676
681,2019-05-13,17.548387096774196
682,2019-05-14,17.677419354838708
683,2019-05-15,17.806451612903224
684,2019-05-16,17.935483870967747
685,2019-05-17,18.064516129032253
686,2019-05-18,18.193548387096776
687,2019-05-19,18.32258064516129
688,2019-05-20,18.451612903225808
689,2019-05-21,18.580645161290324
690,2019-05-22,18.70967741935484
691,2019-05-23,18.83870967741936
692,2019-05-24,18.967741935483872
693,2019-05-25,19.096774193548384
694,2019-05-26,19.225806451612907
695,2019-05-27,19.354838709677423
696,2019-05-28,19.48387096774193
697,2019-05-29,19.61290322580645
698,2019-05-30,19.741935483870968
699,2019-05-31,19.870967741935484
700,2019-06-01,20.0
701,2019-06-02,19.966666666666665
702,2019-06-03,19.933333333333334
703,2019-06-04,19.9
704,2019-06-05,19.866666666666667
705,2019-06-06,19.83333333333333
706,2019-06-07,19.8
707,2019-06-08,19.766666666666666
708,2019-06-09,19.73333333333333
709,2019-06-10,19.7
710,2019-06-11,19.666666666666668
711,2019-06-12,19.633333333333333
712,2019-06-13,19.6
713,2019-06-14,19.566666666666663
714,2019-06-15,19.53333333333333
715,2019-06-16,19.5
716,2019-06-17,19.466666666666665
717,2019-06-18,19.433333333333334
718,2019-06-19,19.4
719,2019-06-20,19.366666666666667
720,2019-06-21,19.33333333333333
721,2019-06-22,19.3
722,2019-06-23,19.266666666666666
723,2019-06-24,19.23333333333333
724,2019-06-25,19.2
725,2019-06-26,19.166666666666668
726,2019-06-27,19.133333333333333
727,2019-06-28,19.1
728,2019-06-29,19.066666666666663
729,2019-06-30,19.03333333333333
730,2019-07-01,19.0
731,2019-07-02,18.870967741935484
732,2019-07-03,18.741935483870968
733,2019-07-04,18.61290322580645
734,2019-07-05,18.48387096774193
735,2019-07-06,18.354838709677423
736,2019-07-07,18.225806451612907
737,2019-07-08,18.096774193548384
738,2019-07-09,17.967741935483872
739,2019-07-10,17.838709677419356
740,2019-07-11,17.70967741935484
741,2019-07-12,17.580645161290324
742,2019-07-13,17.451612903225804
743,2019-07-14,17.322580645161292
744,2019-07-15,17.193548387096776
745,2019-07-16,17.064516129032256
746,2019-07-17,16.935483870967744
747,2019-07-18,16.806451612903224
748,2019-07-19,16.677419354838708
749,2019-07-20,16.548387096774196
750,2019-07-21,16.419354838709676
751,2019-07-22,16.29032258064516
752,2019-07-23,16.161290322580644
753,2019-07-24,16.032258064516128
754,2019-07-25,15.903225806451614
755,2019-07-26,15.774193548387096
756,2019-07-27,15.64516129032258
757,2019-07-28,15.516129032258064
758,2019-07-29,15.387096774193546
759,2019-07-30,15.258064516129034
760,2019-07-31,15.129032258064516
761,2019-08-01,15.0
762,2019-08-02,14.93548387096774
763,2019-08-03,14.870967741935484
764,2019-08-04,14.806451612903226
765,2019-08-05,14.741935483870966
766,2019-08-06,14.67741935483871
767,2019-08-07,14.612903225806454
768,2019-08-08,14.548387096774194
769,2019-08-09,14.483870967741936
770,2019-08-10,14.419354838709678
771,2019-08-11,14.35483870967742
772,2019-08-12,14.290322580645164
773,2019-08-13,14.225806451612904
774,2019-08-14,14.161290322580646
775,2019-08-15,14.096774193548386
776,2019-08-16,14.032258064516126
777,2019-08-17,13.967741935483874
778,2019-08-18,13.903225806451614
779,2019-08-19,13.838709677419354
780,2019-08-20,13.774193548387096
781,2019-08-21,13.709677419354836
782,2019-08-22,13.64516129032258
783,2019-08-23,13.580645161290322
784,2019-08-24,13.516129032258064
785,2019-08-25,13.451612903225806
786,2019-08-26,13.387096774193546
787,2019-08-27,13.32258064516129
788,2019-08-28,13.258064516129034
789,2019-08-29,13.193548387096774
790,2019-08-30,13.129032258064516
791,2019-08-31,13.06451612903226
792,2019-09-01,13.0
793,2019-09-02,12.966666666666669
794,2019-09-03,12.933333333333335
795,2019-09-04,12.9
796,2019-09-05,12.866666666666667
797,2019-09-06,12.833333333333336
798,2019-09-07,12.8
799,2019-09-08,12.766666666666667
800,2019-09-09,12.733333333333333
801,2019-09-10,12.7
802,2019-09-11,12.666666666666664
803,2019-09-12,12.633333333333333
804,2019-09-13,12.6
805,2019-09-14,12.566666666666665
806,2019-09-15,12.533333333333331
807,2019-09-16,12.5
808,2019-09-17,12.466666666666669
809,2019-09-18,12.433333333333335
810,2019-09-19,12.4
811,2019-09-20,12.366666666666667
812,2019-09-21,12.333333333333336
813,2019-09-22,12.3
814,2019-09-23,12.266666666666667
815,2019-09-24,12.233333333333334
816,2019-09-25,12.2
817,2019-09-26,12.166666666666664
818,2019-09-27,12.133333333333333
819,2019-09-28,12.1
820,2019-09-29,12.066666666666665
821,2019-09-30,12.033333333333331
822,2019-10-01,12.0
823,2019-10-02,12.0
824,2019-10-03,12.0
825,2019-10-04,12.0
826,2019-10-05,12.0
827,2019-10-06,12.0
828,2019-10-07,12.0
829,2019-10-08,12.0
830,2019-10-09,12.0
831,2019-10-10,12.0
832,2019-10-11,12.0
833,2019-10-12,12.0
834,2019-10-13,12.0
835,2019-10-14,12.0
836,2019-10-15,12.0
837,2019-10-16,12.0
838,2019-10-17,12.0
839,2019-10-18,12.0
840,2019-10-19,12.0
841,2019-10-20,12.0
842,2019-10-21,12.0
843,2019-10-22,12.0
844,2019-10-23,12.0
845,2019-10-24,12.0
846,2019-10-25,12.0
847,2019-10-26,12.0
848,2019-10-27,12.0
849,2019-10-28,12.0
850,2019-10-29,12.0
851,2019-10-30,12.0
852,2019-10-31,12.0
853,2019-11-01,12.0
854,2019-11-02,11.966666666666669
855,2019-11-03,11.933333333333335
856,2019-11-04,11.9
857,2019-11-05,11.866666666666667
858,2019-11-06,11.833333333333336
859,2019-11-07,11.8
860,2019-11-08,11.766666666666667
861,2019-11-09,11.733333333333333
862,2019-11-10,11.7
863,2019-11-11,11.666666666666664
864,2019-11-12,11.633333333333333
865,2019-11-13,11.6
866,2019-11-14,11.566666666666665
867,2019-11-15,11.533333333333331
868,2019-11-16,11.5
869,2019-11-17,11.466666666666669
870,2019-11-18,11.433333333333335
871,2019-11-19,11.4
872,2019-11-20,11.366666666666667
873,2019-11-21,11.333333333333336
874,2019-11-22,11.3
875,2019-11-23,11.266666666666667
876,2019-11-24,11.233333333333334
877,2019-11-25,11.2
878,2019-11-26,11.166666666666664
879,2019-11-27,11.133333333333333
880,2019-11-28,11.1
881,2019-11-29,11.066666666666665
882,2019-11-30,11.033333333333331
883,2019-12-01,11.0
884,2019-12-02,11.06451612903226
885,2019-12-03,11.129032258064516
886,2019-12-04,11.193548387096774
887,2019-12-05,11.258064516129034
888,2019-12-06,11.32258064516129
889,2019-12-07,11.387096774193546
890,2019-12-08,11.451612903225806
891,2019-12-09,11.516129032258064
892,2019-12-10,11.580645161290322
893,2019-12-11,11.64516129032258
894,2019-12-12,11.709677419354836
895,2019-12-13,11.774193548387096
896,2019-12-14,11.838709677419354
897,2019-12-15,11.903225806451614
898,2019-12-16,11.967741935483874
899,2019-12-17,12.032258064516126
900,2019-12-18,12.096774193548386
901,2019-12-19,12.161290322580646
902,2019-12-20,12.225806451612904
903,2019-12-21,12.290322580645164
904,2019-12-22,12.35483870967742
905,2019-12-23,12.419354838709678
906,2019-12-24,12.483870967741936
907,2019-12-25,12.548387096774194
908,2019-12-26,12.612903225806454
909,2019-12-27,12.67741935483871
910,2019-12-28,12.741935483870966
911,2019-12-29,12.806451612903226
912,2019-12-30,12.870967741935484
913,2019-12-31,12.93548387096774
914,2020-01-01,13.0
915,2020-01-02,13.032258064516132
916,2020-01-03,13.06451612903226
917,2020-01-04,13.096774193548386
918,2020-01-05,13.129032258064516
919,2020-01-06,13.161290322580646
920,2020-01-07,13.193548387096774
921,2020-01-08,13.225806451612904
922,2020-01-09,13.258064516129034
923,2020-01-10,13.290322580645164
924,2020-01-11,13.32258064516129
925,2020-01-12,13.35483870967742
926,2020-01-13,13.387096774193546
927,2020-01-14,13.419354838709678
928,2020-01-15,13.451612903225806
929,2020-01-16,13.483870967741936
930,2020-01-17,13.516129032258064
931,2020-01-18,13.548387096774194
932,2020-01-19,13.580645161290322
933,2020-01-20,13.612903225806454
934,2020-01-21,13.64516129032258
935,2020-01-22,13.67741935483871
936,2020-01-23,13.709677419354836
937,2020-01-24,13.741935483870966
938,2020-01-25,13.774193548387096
939,2020-01-26,13.806451612903226
940,2020-01-27,13.838709677419354
941,2020-01-28,13.870967741935484
942,2020-01-29,13.903225806451614
943,2020-01-30,13.93548387096774
944,2020-01-31,13.967741935483874
945,2020-02-01,14.0
946,2020-02-02,14.20689655172414
947,2020-02-03,14.413793103448276
948,2020-02-04,14.620689655172416
949,2020-02-05,14.827586206896552
950,2020-02-06,15.034482758620689
951,2020-02-07,15.241379310344827
952,2020-02-08,15.448275862068966
953,2020-02-09,15.655172413793109
954,2020-02-10,15.862068965517242
955,2020-02-11,16.06896551724138
956,2020-02-12,16.275862068965516
957,2020-02-13,16.482758620689655
958,2020-02-14,16.689655172413794
959,2020-02-15,16.896551724137932
960,2020-02-16,17.103448275862068
961,2020-02-17,17.310344827586206
962,2020-02-18,17.517241379310345
963,2020-02-19,17.724137931034484
964,2020-02-20,17.931034482758623
965,2020-02-21,18.13793103448276
966,2020-02-22,18.344827586206893
967,2020-02-23,18.55172413793104
968,2020-02-24,18.75862068965517
969,2020-02-25,18.96551724137931
970,2020-02-26,19.17241379310345
971,2020-02-27,19.379310344827584
972,2020-02-28,19.58620689655172
973,2020-02-29,19.793103448275858
974,2020-03-01,20.0
975,2020-03-02,19.870967741935484
976,2020-03-03,19.741935483870968
977,2020-03-04,19.61290322580645
978,2020-03-05,19.48387096774193
979,2020-03-06,19.354838709677423
980,2020-03-07,19.225806451612907
981,2020-03-08,19.096774193548384
982,2020-03-09,18.967741935483872
983,2020-03-10,18.83870967741936
984,2020-03-11,18.70967741935484
985,2020-03-12,18.580645161290324
986,2020-03-13,18.451612903225808
987,2020-03-14,18.32258064516129
988,2020-03-15,18.193548387096776
989,2020-03-16,18.064516129032253
990,2020-03-17,17.935483870967747
991,2020-03-18,17.806451612903224
992,2020-03-19,17.677419354838708
993,2020-03-20,17.548387096774196
994,2020-03-21,17.419354838709676
995,2020-03-22,17.29032258064516
996,2020-03-23,17.161290322580644
997,2020-03-24,17.032258064516128
998,2020-03-25,16.903225806451616
999,2020-03-26,16.774193548387096
1000,2020-03-27,16.64516129032258
1001,2020-03-28,16.516129032258064
1002,2020-03-29,16.387096774193548
1003,2020-03-30,16.258064516129032
1004,2020-03-31,16.129032258064516
1005,2020-04-01,16.0
1006,2020-04-02,16.166666666666668
1007,2020-04-03,16.333333333333332
1008,2020-04-04,16.5
1009,2020-04-05,16.666666666666668
1010,2020-04-06,16.833333333333332
1011,2020-04-07,17.0
1012,2020-04-08,17.166666666666668
1013,2020-04-09,17.333333333333332
1014,2020-04-10,17.5
1015,2020-04-11,17.666666666666668
1016,2020-04-12,17.833333333333332
1017,2020-04-13,18.0
1018,2020-04-14,18.166666666666668
1019,2020-04-15,18.33333333333333
1020,2020-04-16,18.5
1021,2020-04-17,18.666666666666668
1022,2020-04-18,18.83333333333333
1023,2020-04-19,19.0
1024,2020-04-20,19.166666666666668
1025,2020-04-21,19.33333333333333
1026,2020-04-22,19.5
1027,2020-04-23,19.666666666666668
1028,2020-04-24,19.83333333333333
1029,2020-04-25,20.0
1030,2020-04-26,20.166666666666664
1031,2020-04-27,20.33333333333333
1032,2020-04-28,20.5
1033,2020-04-29,20.666666666666664
1034,2020-04-30,20.83333333333333
1035,2020-05-01,21.0
1036,2020-05-02,20.741935483870968
1037,2020-05-03,20.48387096774193
1038,2020-05-04,20.225806451612907
1039,2020-05-05,19.967741935483872
1040,2020-05-06,19.70967741935484
1041,2020-05-07,19.451612903225808
1042,2020-05-08,19.193548387096776
1043,2020-05-09,18.935483870967747
1044,2020-05-10,18.677419354838708
1045,2020-05-11,18.41935483870968
1046,2020-05-12,18.161290322580644
1047,2020-05-13,17.903225806451616
1048,2020-05-14,17.645161290322577
1049,2020-05-15,17.387096774193548
1050,2020-05-16,17.129032258064516
1051,2020-05-17,16.870967741935484
1052,2020-05-18,16.612903225806452
1053,2020-05-19,16.35483870967742
1054,2020-05-20,16.096774193548384
1055,2020-05-21,15.838709677419354
1056,2020-05-22,15.580645161290324
1057,2020-05-23,15.32258064516129
1058,2020-05-24,15.06451612903226
1059,2020-05-25,14.806451612903226
1060,2020-05-26,14.548387096774194
1061,2020-05-27,14.290322580645164
1062,2020-05-28,14.032258064516126
1063,2020-05-29,13.774193548387096
1064,2020-05-30,13.516129032258064
1065,2020-05-31,13.258064516129034
1066,2020-06-01,13.0
1067,2020-06-02,13.033333333333331
1068,2020-06-03,13.066666666666665
1069,2020-06-04,13.1
1070,2020-06-05,13.133333333333333
1071,2020-06-06,13.166666666666664
1072,2020-06-07,13.2
1073,2020-06-08,13.233333333333333
1074,2020-06-09,13.266666666666667
1075,2020-06-10,13.3
1076,2020-06-11,13.333333333333336
1077,2020-06-12,13.366666666666667
1078,2020-06-13,13.4
1079,2020-06-14,13.433333333333335
1080,2020-06-15,13.466666666666669
1081,2020-06-16,13.5
1082,2020-06-17,13.533333333333331
1083,2020-06-18,13.566666666666665
1084,2020-06-19,13.6
1085,2020-06-20,13.633333333333333
1086,2020-06-21,13.666666666666664
1087,2020-06-22,13.7
1088,2020-06-23,13.733333333333333
1089,2020-06-24,13.766666666666666
1090,2020-06-25,13.8
1091,2020-06-26,13.833333333333336
1092,2020-06-27,13.866666666666667
1093,2020-06-28,13.9
1094,2020-06-29,13.933333333333335
1095,2020-06-30,13.966666666666669
1096,2020-07-01,14.0
1097,2020-07-02,14.032258064516132
1098,2020-07-03,14.06451612903226
1099,2020-07-04,14.096774193548386
1100,2020-07-05,14.129032258064516
1101,2020-07-06,14.161290322580646
1102,2020-07-07,14.193548387096774
1103,2020-07-08,14.225806451612904
1104,2020-07-09,14.258064516129034
1105,2020-07-10,14.290322580645164
1106,2020-07-11,14.32258064516129
1107,2020-07-12,14.35483870967742
1108,2020-07-13,14.387096774193546
1109,2020-07-14,14.419354838709678
1110,2020-07-15,14.451612903225806
1111,2020-07-16,14.483870967741936
1112,2020-07-17,14.516129032258064
1113,2020-07-18,14.548387096774194
1114,2020-07-19,14.580645161290322
1115,2020-07-20,14.612903225806454
1116,2020-07-21,14.64516129032258
1117,2020-07-22,14.67741935483871
1118,2020-07-23,14.709677419354836
1119,2020-07-24,14.741935483870966
1120,2020-07-25,14.774193548387096
1121,2020-07-26,14.806451612903226
1122,2020-07-27,14.838709677419354
1123,2020-07-28,14.870967741935484
1124,2020-07-29,14.903225806451614
1125,2020-07-30,14.93548387096774
1126,2020-07-31,14.967741935483874
1127,2020-08-01,15.0
1128,2020-08-02,14.93548387096774
1129,2020-08-03,14.870967741935484
1130,2020-08-04,14.806451612903226
1131,2020-08-05,14.741935483870966
1132,2020-08-06,14.67741935483871
1133,2020-08-07,14.612903225806454
1134,2020-08-08,14.548387096774194
1135,2020-08-09,14.483870967741936
1136,2020-08-10,14.419354838709678
1137,2020-08-11,14.35483870967742
1138,2020-08-12,14.290322580645164
1139,2020-08-13,14.225806451612904
1140,2020-08-14,14.161290322580646
1141,2020-08-15,14.096774193548386
1142,2020-08-16,14.032258064516126
1143,2020-08-17,13.967741935483874
1144,2020-08-18,13.903225806451614
1145,2020-08-19,13.838709677419354
1146,2020-08-20,13.774193548387096
1147,2020-08-21,13.709677419354836
1148,2020-08-22,13.64516129032258
1149,2020-08-23,13.580645161290322
1150,2020-08-24,13.516129032258064
1151,2020-08-25,13.451612903225806
1152,2020-08-26,13.387096774193546
1153,2020-08-27,13.32258064516129
1154,2020-08-28,13.258064516129034
1155,2020-08-29,13.193548387096774
1156,2020-08-30,13.129032258064516
1157,2020-08-31,13.06451612903226
1158,2020-09-01,13.0
1159,2020-09-02,13.066666666666665
1160,2020-09-03,13.133333333333333
1161,2020-09-04,13.2
1162,2020-09-05,13.266666666666667
1163,2020-09-06,13.333333333333336
1164,2020-09-07,13.4
1165,2020-09-08,13.466666666666669
1166,2020-09-09,13.533333333333331
1167,2020-09-10,13.6
1168,2020-09-11,13.666666666666664
1169,2020-09-12,13.733333333333333
1170,2020-09-13,13.8
1171,2020-09-14,13.866666666666667
1172,2020-09-15,13.933333333333335
1173,2020-09-16,14.0
1174,2020-09-17,14.066666666666665
1175,2020-09-18,14.133333333333333
1176,2020-09-19,14.2
1177,2020-09-20,14.266666666666666
1178,2020-09-21,14.333333333333336
1179,2020-09-22,14.4
1180,2020-09-23,14.466666666666669
1181,2020-09-24,14.533333333333331
1182,2020-09-25,14.6
1183,2020-09-26,14.666666666666664
1184,2020-09-27,14.733333333333334
1185,2020-09-28,14.8
1186,2020-09-29,14.866666666666667
1187,2020-09-30,14.933333333333335
1188,2020-10-01,15.0
1189,2020-10-02,15.290322580645164
1190,2020-10-03,15.580645161290322
1191,2020-10-04,15.870967741935484
1192,2020-10-05,16.161290322580644
1193,2020-10-06,16.451612903225804
1194,2020-10-07,16.741935483870968
1195,2020-10-08,17.032258064516128
1196,2020-10-09,17.322580645161292
1197,2020-10-10,17.612903225806452
1198,2020-10-11,17.903225806451616
1199,2020-10-12,18.193548387096776
1200,2020-10-13,18.48387096774193
1201,2020-10-14,18.774193548387093
1202,2020-10-15,19.064516129032253
1203,2020-10-16,19.354838709677423
1204,2020-10-17,19.645161290322577
1205,2020-10-18,19.935483870967747
1206,2020-10-19,20.225806451612907
1207,2020-10-20,20.516129032258068
1208,2020-10-21,20.806451612903224
1209,2020-10-22,21.096774193548384
1210,2020-10-23,21.387096774193548
1211,2020-10-24,21.677419354838708
1212,2020-10-25,21.967741935483872
1213,2020-10-26,22.258064516129032
1214,2020-10-27,22.548387096774192
1215,2020-10-28,22.83870967741936
1216,2020-10-29,23.12903225806452
1217,2020-10-30,23.41935483870968
1218,2020-10-31,23.70967741935484
1219,2020-11-01,24.0
1220,2020-11-02,24.23333333333333
1221,2020-11-03,24.466666666666665
1222,2020-11-04,24.7
1223,2020-11-05,24.93333333333333
1224,2020-11-06,25.16666666666667
1225,2020-11-07,25.4
1226,2020-11-08,25.63333333333333
1227,2020-11-09,25.86666666666667
1228,2020-11-10,26.1
1229,2020-11-11,26.33333333333333
1230,2020-11-12,26.566666666666663
1231,2020-11-13,26.8
1232,2020-11-14,27.03333333333333
1233,2020-11-15,27.266666666666666
1234,2020-11-16,27.5
1235,2020-11-17,27.73333333333333
1236,2020-11-18,27.96666666666667
1237,2020-11-19,28.2
1238,2020-11-20,28.43333333333333
1239,2020-11-21,28.66666666666667
1240,2020-11-22,28.9
1241,2020-11-23,29.13333333333333
1242,2020-11-24,29.36666666666667
1243,2020-11-25,29.6
1244,2020-11-26,29.83333333333333
1245,2020-11-27,30.066666666666663
1246,2020-11-28,30.3
1247,2020-11-29,30.53333333333333
1248,2020-11-30,30.766666666666666
1249,2020-12-01,31.0
1250,2020-12-02,32.064516129032256
1251,2020-12-03,33.12903225806451
1252,2020-12-04,34.19354838709677
1253,2020-12-05,35.25806451612903
1254,2020-12-06,36.32258064516129
1255,2020-12-07,37.38709677419355
1256,2020-12-08,38.451612903225815
1257,2020-12-09,39.516129032258064
1258,2020-12-10,40.58064516129032
1259,2020-12-11,41.64516129032258
1260,2020-12-12,42.70967741935485
1261,2020-12-13,43.774193548387096
1262,2020-12-14,44.83870967741935
1263,2020-12-15,45.903225806451616
1264,2020-12-16,46.967741935483865
1265,2020-12-17,48.032258064516135
1266,2020-12-18,49.096774193548384
1267,2020-12-19,50.16129032258064
1268,2020-12-20,51.2258064516129
1269,2020-12-21,52.29032258064516
1270,2020-12-22,53.354838709677416
1271,2020-12-23,54.41935483870968
1272,2020-12-24,55.483870967741936
1273,2020-12-25,56.548387096774185
1274,2020-12-26,57.612903225806456
1275,2020-12-27,58.67741935483871
1276,2020-12-28,59.74193548387096
1277,2020-12-29,60.80645161290322
1278,2020-12-30,61.87096774193547
1279,2020-12-31,62.935483870967744
1280,2021-01-01,64.0
1281,2021-01-02,64.06451612903226
1282,2021-01-03,64.12903225806451
1283,2021-01-04,64.19354838709678
1284,2021-01-05,64.25806451612904
1285,2021-01-06,64.3225806451613
1286,2021-01-07,64.38709677419354
1287,2021-01-08,64.45161290322581
1288,2021-01-09,64.51612903225806
1289,2021-01-10,64.58064516129032
1290,2021-01-11,64.64516129032258
1291,2021-01-12,64.70967741935483
1292,2021-01-13,64.7741935483871
1293,2021-01-14,64.83870967741936
1294,2021-01-15,64.90322580645162
1295,2021-01-16,64.96774193548387
1296,2021-01-17,65.03225806451613
1297,2021-01-18,65.09677419354838
1298,2021-01-19,65.16129032258064
1299,2021-01-20,65.2258064516129
1300,2021-01-21,65.29032258064517
1301,2021-01-22,65.35483870967742
1302,2021-01-23,65.41935483870968
1303,2021-01-24,65.48387096774194
1304,2021-01-25,65.54838709677419
1305,2021-01-26,65.61290322580646
1306,2021-01-27,65.6774193548387
1307,2021-01-28,65.74193548387096
1308,2021-01-29,65.80645161290322
1309,2021-01-30,65.87096774193549
1310,2021-01-31,65.93548387096774
1311,2021-02-01,66.0
1312,2021-02-02,65.28571428571429
1313,2021-02-03,64.57142857142857
1314,2021-02-04,63.85714285714285
1315,2021-02-05,63.14285714285714
1316,2021-02-06,62.42857142857143
1317,2021-02-07,61.71428571428572
1318,2021-02-08,61.0
1319,2021-02-09,60.28571428571429
1320,2021-02-10,59.57142857142857
1321,2021-02-11,58.85714285714285
1322,2021-02-12,58.14285714285714
1323,2021-02-13,57.42857142857143
1324,2021-02-14,56.71428571428572
1325,2021-02-15,56.0
1326,2021-02-16,55.28571428571429
1327,2021-02-17,54.57142857142857
1328,2021-02-18,53.85714285714286
1329,2021-02-19,53.14285714285714
1330,2021-02-20,52.42857142857143
1331,2021-02-21,51.71428571428572
1332,2021-02-22,51.0
1333,2021-02-23,50.28571428571429
1334,2021-02-24,49.57142857142857
1335,2021-02-25,48.85714285714286
1336,2021-02-26,48.14285714285714
1337,2021-02-27,47.42857142857143
1338,2021-02-28,46.71428571428572
1339,2021-03-01,46.0
1340,2021-03-02,46.2258064516129
1341,2021-03-03,46.451612903225815
1342,2021-03-04,46.67741935483871
1343,2021-03-05,46.903225806451616
1344,2021-03-06,47.129032258064505
1345,2021-03-07,47.354838709677416
1346,2021-03-08,47.58064516129032
1347,2021-03-09,47.80645161290322
1348,2021-03-10,48.032258064516135
1349,2021-03-11,48.25806451612904
1350,2021-03-12,48.483870967741936
1351,2021-03-13,48.70967741935484
1352,2021-03-14,48.935483870967744
1353,2021-03-15,49.161290322580655
1354,2021-03-16,49.38709677419354
1355,2021-03-17,49.612903225806456
1356,2021-03-18,49.83870967741935
1357,2021-03-19,50.064516129032256
1358,2021-03-20,50.29032258064516
1359,2021-03-21,50.516129032258064
1360,2021-03-22,50.74193548387096
1361,2021-03-23,50.967741935483865
1362,2021-03-24,51.193548387096776
1363,2021-03-25,51.41935483870968
1364,2021-03-26,51.64516129032258
1365,2021-03-27,51.870967741935495
1366,2021-03-28,52.096774193548384
1367,2021-03-29,52.32258064516129
1368,2021-03-30,52.548387096774185
1369,2021-03-31,52.774193548387096
1370,2021-04-01,53.0
1371,2021-04-02,53.46666666666667
1372,2021-04-03,53.93333333333333
1373,2021-04-04,54.4
1374,2021-04-05,54.86666666666667
1375,2021-04-06,55.33333333333334
1376,2021-04-07,55.8
1377,2021-04-08,56.26666666666666
1378,2021-04-09,56.73333333333333
1379,2021-04-10,57.2
1380,2021-04-11,57.66666666666666
1381,2021-04-12,58.13333333333333
1382,2021-04-13,58.6
1383,2021-04-14,59.06666666666666
1384,2021-04-15,59.53333333333333
1385,2021-04-16,60.0
1386,2021-04-17,60.46666666666667
1387,2021-04-18,60.93333333333334
1388,2021-04-19,61.4
1389,2021-04-20,61.86666666666667
1390,2021-04-21,62.33333333333334
1391,2021-04-22,62.8
1392,2021-04-23,63.26666666666666
1393,2021-04-24,63.73333333333333
1394,2021-04-25,64.2
1395,2021-04-26,64.66666666666667
1396,2021-04-27,65.13333333333333
1397,2021-04-28,65.6
1398,2021-04-29,66.06666666666666
1399,2021-04-30,66.53333333333333
1400,2021-05-01,67.0
1401,2021-05-02,66.29032258064517
1402,2021-05-03,65.58064516129032
1403,2021-05-04,64.87096774193549
1404,2021-05-05,64.16129032258064
1405,2021-05-06,63.451612903225815
1406,2021-05-07,62.74193548387096
1407,2021-05-08,62.032258064516135
1408,2021-05-09,61.32258064516129
1409,2021-05-10,60.612903225806456
1410,2021-05-11,59.903225806451616
1411,2021-05-12,59.193548387096776
1412,2021-05-13,58.483870967741936
1413,2021-05-14,57.774193548387096
1414,2021-05-15,57.064516129032256
1415,2021-05-16,56.354838709677416
1416,2021-05-17,55.64516129032258
1417,2021-05-18,54.935483870967744
1418,2021-05-19,54.2258064516129
1419,2021-05-20,53.516129032258064
1420,2021-05-21,52.80645161290322
1421,2021-05-22,52.096774193548384
1422,2021-05-23,51.38709677419354
1423,2021-05-24,50.67741935483871
1424,2021-05-25,49.967741935483865
1425,2021-05-26,49.25806451612904
1426,2021-05-27,48.548387096774185
1427,2021-05-28,47.83870967741935
1428,2021-05-29,47.129032258064505
1429,2021-05-30,46.41935483870968
1430,2021-05-31,45.70967741935483
1431,2021-06-01,45.0
1432,2021-06-02,44.53333333333333
1433,2021-06-03,44.06666666666667
1434,2021-06-04,43.6
1435,2021-06-05,43.13333333333333
1436,2021-06-06,42.66666666666666
1437,2021-06-07,42.2
1438,2021-06-08,41.73333333333333
1439,2021-06-09,41.266666666666666
1440,2021-06-10,40.8
1441,2021-06-11,40.333333333333336
1442,2021-06-12,39.86666666666667
1443,2021-06-13,39.4
1444,2021-06-14,38.933333333333344
1445,2021-06-15,38.46666666666667
1446,2021-06-16,38.0
1447,2021-06-17,37.53333333333333
1448,2021-06-18,37.066666666666656
1449,2021-06-19,36.6
1450,2021-06-20,36.13333333333333
1451,2021-06-21,35.666666666666664
1452,2021-06-22,35.2
1453,2021-06-23,34.73333333333333
1454,2021-06-24,34.266666666666666
1455,2021-06-25,33.8
1456,2021-06-26,33.333333333333336
1457,2021-06-27,32.86666666666667
1458,2021-06-28,32.4
1459,2021-06-29,31.93333333333333
1460,2021-06-30,31.46666666666667
1461,2021-07-01,31.0
1462,2021-07-02,31.032258064516128
1463,2021-07-03,31.064516129032263
1464,2021-07-04,31.096774193548388
1465,2021-07-05,31.12903225806452
1466,2021-07-06,31.161290322580644
1467,2021-07-07,31.19354838709677
1468,2021-07-08,31.225806451612907
1469,2021-07-09,31.258064516129032
1470,2021-07-10,31.29032258064516
1471,2021-07-11,31.32258064516129
1472,2021-07-12,31.35483870967742
1473,2021-07-13,31.387096774193548
1474,2021-07-14,31.41935483870968
1475,2021-07-15,31.451612903225808
1476,2021-07-16,31.48387096774193
1477,2021-07-17,31.516129032258068
1478,2021-07-18,31.548387096774192
1479,2021-07-19,31.580645161290327
1480,2021-07-20,31.61290322580645
1481,2021-07-21,31.64516129032258
1482,2021-07-22,31.677419354838708
1483,2021-07-23,31.70967741935484
1484,2021-07-24,31.741935483870968
1485,2021-07-25,31.774193548387093
1486,2021-07-26,31.806451612903228
1487,2021-07-27,31.83870967741936
1488,2021-07-28,31.87096774193548
1489,2021-07-29,31.90322580645161
1490,2021-07-30,31.935483870967737
1491,2021-07-31,31.967741935483872
1492,2021-08-01,32.0
1493,2021-08-02,31.935483870967737
1494,2021-08-03,31.87096774193548
1495,2021-08-04,31.806451612903228
1496,2021-08-05,31.741935483870968
1497,2021-08-06,31.677419354838708
1498,2021-08-07,31.61290322580645
1499,2021-08-08,31.548387096774192
1500,2021-08-09,31.48387096774193
1501,2021-08-10,31.41935483870968
1502,2021-08-11,31.35483870967742
1503,2021-08-12,31.29032258064516
1504,2021-08-13,31.225806451612907
1505,2021-08-14,31.161290322580644
1506,2021-08-15,31.096774193548388
1507,2021-08-16,31.032258064516128
1508,2021-08-17,30.967741935483872
1509,2021-08-18,30.90322580645161
1510,2021-08-19,30.83870967741936
1511,2021-08-20,30.774193548387093
1512,2021-08-21,30.70967741935484
1513,2021-08-22,30.64516129032258
1514,2021-08-23,30.580645161290327
1515,2021-08-24,30.516129032258068
1516,2021-08-25,30.451612903225808
1517,2021-08-26,30.387096774193548
1518,2021-08-27,30.32258064516129
1519,2021-08-28,30.258064516129032
1520,2021-08-29,30.19354838709677
1521,2021-08-30,30.12903225806452
1522,2021-08-31,30.064516129032253
1523,2021-09-01,30.0
1524,2021-09-02,30.23333333333333
1525,2021-09-03,30.466666666666665
1526,2021-09-04,30.7
1527,2021-09-05,30.93333333333333
1528,2021-09-06,31.16666666666667
1529,2021-09-07,31.4
1530,2021-09-08,31.63333333333333
1531,2021-09-09,31.86666666666667
1532,2021-09-10,32.1
1533,2021-09-11,32.333333333333336
1534,2021-09-12,32.56666666666667
1535,2021-09-13,32.8
1536,2021-09-14,33.03333333333333
1537,2021-09-15,33.266666666666666
1538,2021-09-16,33.5
1539,2021-09-17,33.73333333333333
1540,2021-09-18,33.96666666666667
1541,2021-09-19,34.2
1542,2021-09-20,34.43333333333334
1543,2021-09-21,34.666666666666664
1544,2021-09-22,34.9
1545,2021-09-23,35.13333333333333
1546,2021-09-24,35.36666666666667
1547,2021-09-25,35.6
1548,2021-09-26,35.833333333333336
1549,2021-09-27,36.066666666666656
1550,2021-09-28,36.3
1551,2021-09-29,36.53333333333333
1552,2021-09-30,36.766666666666666
1553,2021-10-01,37.0
1554,2021-10-02,36.903225806451616
1555,2021-10-03,36.80645161290322
1556,2021-10-04,36.70967741935485
1557,2021-10-05,36.61290322580645
1558,2021-10-06,36.516129032258064
1559,2021-10-07,36.41935483870968
1560,2021-10-08,36.32258064516129
1561,2021-10-09,36.2258064516129
1562,2021-10-10,36.12903225806452
1563,2021-10-11,36.032258064516135
1564,2021-10-12,35.935483870967744
1565,2021-10-13,35.83870967741935
1566,2021-10-14,35.74193548387097
1567,2021-10-15,35.645161290322584
1568,2021-10-16,35.548387096774185
1569,2021-10-17,35.451612903225815
1570,2021-10-18,35.354838709677416
1571,2021-10-19,35.25806451612903
1572,2021-10-20,35.16129032258065
1573,2021-10-21,35.064516129032256
1574,2021-10-22,34.96774193548387
1575,2021-10-23,34.87096774193549
1576,2021-10-24,34.774193548387096
1577,2021-10-25,34.67741935483871
1578,2021-10-26,34.58064516129032
1579,2021-10-27,34.483870967741936
1580,2021-10-28,34.38709677419355
1581,2021-10-29,34.29032258064516
1582,2021-10-30,34.19354838709677
1583,2021-10-31,34.09677419354839
1584,2021-11-01,34.0
1585,2021-11-02,34.0
1586,2021-11-03,34.0
1587,2021-11-04,34.0
1588,2021-11-05,34.0
1589,2021-11-06,34.0
1590,2021-11-07,34.0
1591,2021-11-08,34.0
1592,2021-11-09,34.0
1593,2021-11-10,34.0
1594,2021-11-11,34.0
1595,2021-11-12,34.0
1596,2021-11-13,34.0
1597,2021-11-14,34.0
1598,2021-11-15,34.0
1599,2021-11-16,34.0
1600,2021-11-17,34.0
1601,2021-11-18,34.0
1602,2021-11-19,34.0
1603,2021-11-20,34.0
1604,2021-11-21,34.0
1605,2021-11-22,34.0
1606,2021-11-23,34.0
1607,2021-11-24,34.0
1608,2021-11-25,34.0
1609,2021-11-26,34.0
1610,2021-11-27,34.0
1611,2021-11-28,34.0
1612,2021-11-29,34.0
1613,2021-11-30,34.0
1614,2021-12-01,34.0
1615,2021-12-02,34.29032258064516
1616,2021-12-03,34.58064516129032
1617,2021-12-04,34.87096774193549
1618,2021-12-05,35.16129032258065
1619,2021-12-06,35.451612903225815
1620,2021-12-07,35.74193548387097
1621,2021-12-08,36.032258064516135
1622,2021-12-09,36.32258064516129
1623,2021-12-10,36.61290322580645
1624,2021-12-11,36.903225806451616
1625,2021-12-12,37.19354838709677
1626,2021-12-13,37.483870967741936
1627,2021-12-14,37.774193548387096
1628,2021-12-15,38.064516129032256
1629,2021-12-16,38.354838709677416
1630,2021-12-17,38.64516129032258
1631,2021-12-18,38.935483870967744
1632,2021-12-19,39.2258064516129
1633,2021-12-20,39.516129032258064
1634,2021-12-21,39.80645161290322
1635,2021-12-22,40.096774193548384
1636,2021-12-23,40.38709677419355
1637,2021-12-24,40.67741935483871
1638,2021-12-25,40.967741935483865
1639,2021-12-26,41.25806451612903
1640,2021-12-27,41.548387096774185
1641,2021-12-28,41.83870967741935
1642,2021-12-29,42.129032258064505
1643,2021-12-30,42.41935483870968
1644,2021-12-31,42.70967741935485
1645,2022-01-01,43.0
1646,2022-01-02,42.74193548387097
1647,2022-01-03,42.483870967741936
1648,2022-01-04,42.2258064516129
1649,2022-01-05,41.967741935483865
1650,2022-01-06,41.70967741935485
1651,2022-01-07,41.451612903225815
1652,2022-01-08,41.19354838709677
1653,2022-01-09,40.935483870967744
1654,2022-01-10,40.67741935483871
1655,2022-01-11,40.41935483870968
1656,2022-01-12,40.16129032258065
1657,2022-01-13,39.903225806451616
1658,2022-01-14,39.64516129032258
1659,2022-01-15,39.38709677419355
1660,2022-01-16,39.129032258064505
1661,2022-01-17,38.870967741935495
1662,2022-01-18,38.61290322580645
1663,2022-01-19,38.354838709677416
1664,2022-01-20,38.096774193548384
1665,2022-01-21,37.83870967741935
1666,2022-01-22,37.58064516129032
1667,2022-01-23,37.32258064516129
1668,2022-01-24,37.064516129032256
1669,2022-01-25,36.80645161290322
1670,2022-01-26,36.548387096774185
1671,2022-01-27,36.29032258064515
1672,2022-01-28,36.032258064516135
1673,2022-01-29,35.774193548387096
1674,2022-01-30,35.516129032258064
1675,2022-01-31,35.25806451612903
1676,2022-02-01,35.0
1677,2022-02-02,34.82142857142857
1678,2022-02-03,34.642857142857146
1679,2022-02-04,34.464285714285715
1680,2022-02-05,34.285714285714285
1681,2022-02-06,34.107142857142854
1682,2022-02-07,33.92857142857143
1683,2022-02-08,33.75
1684,2022-02-09,33.57142857142857
1685,2022-02-10,33.392857142857146
1686,2022-02-11,33.214285714285715
1687,2022-02-12,33.035714285714285
1688,2022-02-13,32.857142857142854
1689,2022-02-14,32.67857142857143
1690,2022-02-15,32.5
1691,2022-02-16,32.32142857142857
1692,2022-02-17,32.142857142857146
1693,2022-02-18,31.964285714285715
1694,2022-02-19,31.785714285714285
1695,2022-02-20,31.60714285714285
1696,2022-02-21,31.42857142857143
1697,2022-02-22,31.25
1698,2022-02-23,31.07142857142857
1699,2022-02-24,30.892857142857142
1700,2022-02-25,30.714285714285715
1701,2022-02-26,30.535714285714285
1702,2022-02-27,30.35714285714285
1703,2022-02-28,30.17857142857143
1704,2022-03-01,30.0
1705,2022-03-02,29.774193548387093
1706,2022-03-03,29.548387096774192
1707,2022-03-04,29.32258064516129
1708,2022-03-05,29.096774193548388
1709,2022-03-06,28.87096774193548
1710,2022-03-07,28.64516129032258
1711,2022-03-08,28.41935483870968
1712,2022-03-09,28.19354838709677
1713,2022-03-10,27.967741935483872
1714,2022-03-11,27.741935483870968
1715,2022-03-12,27.516129032258068
1716,2022-03-13,27.29032258064516
1717,2022-03-14,27.064516129032253
1718,2022-03-15,26.83870967741936
1719,2022-03-16,26.61290322580645
1720,2022-03-17,26.387096774193548
1721,2022-03-18,26.161290322580644
1722,2022-03-19,25.935483870967747
1723,2022-03-20,25.70967741935484
1724,2022-03-21,25.48387096774193
1725,2022-03-22,25.258064516129032
1726,2022-03-23,25.032258064516128
1727,2022-03-24,24.806451612903228
1728,2022-03-25,24.580645161290327
1729,2022-03-26,24.35483870967742
1730,2022-03-27,24.12903225806452
1731,2022-03-28,23.90322580645161
1732,2022-03-29,23.677419354838708
1733,2022-03-30,23.451612903225808
1734,2022-03-31,23.225806451612907
1735,2022-04-01,23.0
1736,2022-04-02,23.4
1737,2022-04-03,23.8
1738,2022-04-04,24.2
1739,2022-04-05,24.6
1740,2022-04-06,25.0
1741,2022-04-07,25.4
1742,2022-04-08,25.8
1743,2022-04-09,26.2
1744,2022-04-10,26.6
1745,2022-04-11,27.0
1746,2022-04-12,27.4
1747,2022-04-13,27.8
1748,2022-04-14,28.2
1749,2022-04-15,28.6
1750,2022-04-16,29.0
1751,2022-04-17,29.4
1752,2022-04-18,29.8
1753,2022-04-19,30.2
1754,2022-04-20,30.6
1755,2022-04-21,31.0
1756,2022-04-22,31.4
1757,2022-04-23,31.8
1758,2022-04-24,32.2
1759,2022-04-25,32.6
1760,2022-04-26,33.0
1761,2022-04-27,33.4
1762,2022-04-28,33.8
1763,2022-04-29,34.2
1764,2022-04-30,34.6
1765,2022-05-01,35.0
1766,2022-05-02,35.19354838709677
1767,2022-05-03,35.38709677419355
1768,2022-05-04,35.58064516129032
1769,2022-05-05,35.774193548387096
1770,2022-05-06,35.967741935483865
1771,2022-05-07,36.16129032258065
1772,2022-05-08,36.354838709677416
1773,2022-05-09,36.548387096774185
1774,2022-05-10,36.74193548387097
1775,2022-05-11,36.935483870967744
1776,2022-05-12,37.129032258064505
1777,2022-05-13,37.32258064516129
1778,2022-05-14,37.516129032258064
1779,2022-05-15,37.70967741935485
1780,2022-05-16,37.903225806451616
1781,2022-05-17,38.096774193548384
1782,2022-05-18,38.29032258064515
1783,2022-05-19,38.483870967741936
1784,2022-05-20,38.67741935483871
1785,2022-05-21,38.870967741935495
1786,2022-05-22,39.064516129032256
1787,2022-05-23,39.25806451612903
1788,2022-05-24,39.451612903225815
1789,2022-05-25,39.64516129032258
1790,2022-05-26,39.83870967741935
1791,2022-05-27,40.032258064516135
1792,2022-05-28,40.2258064516129
1793,2022-05-29,40.41935483870968
1794,2022-05-30,40.61290322580645
1795,2022-05-31,40.80645161290322
1796,2022-06-01,41.0
1797,2022-06-02,40.7
1798,2022-06-03,40.4
1799,2022-06-04,40.1
1800,2022-06-05,39.8
1801,2022-06-06,39.5
1802,2022-06-07,39.2
1803,2022-06-08,38.9
1804,2022-06-09,38.6
1805,2022-06-10,38.3
1806,2022-06-11,38.0
1807,2022-06-12,37.7
1808,2022-06-13,37.4
1809,2022-06-14,37.1
1810,2022-06-15,36.8
1811,2022-06-16,36.5
1812,2022-06-17,36.2
1813,2022-06-18,35.9
1814,2022-06-19,35.6
1815,2022-06-20,35.3
1816,2022-06-21,35.0
1817,2022-06-22,34.7
1818,2022-06-23,34.4
1819,2022-06-24,34.1
1820,2022-06-25,33.8
1821,2022-06-26,33.5
1822,2022-06-27,33.2
1823,2022-06-28,32.9
1824,2022-06-29,32.6
1825,2022-06-30,32.3
1826,2022-07-01,32.0
1827,2022-07-02,31.677419354838708
1828,2022-07-03,31.35483870967742
1829,2022-07-04,31.032258064516128
1830,2022-07-05,30.70967741935484
1831,2022-07-06,30.387096774193548
1832,2022-07-07,30.064516129032253
1833,2022-07-08,29.741935483870968
1834,2022-07-09,29.41935483870968
1835,2022-07-10,29.096774193548388
1836,2022-07-11,28.774193548387093
1837,2022-07-12,28.451612903225808
1838,2022-07-13,28.12903225806452
1839,2022-07-14,27.806451612903228
1840,2022-07-15,27.48387096774193
1841,2022-07-16,27.161290322580644
1842,2022-07-17,26.83870967741936
1843,2022-07-18,26.516129032258068
1844,2022-07-19,26.19354838709677
1845,2022-07-20,25.87096774193548
1846,2022-07-21,25.548387096774192
1847,2022-07-22,25.225806451612907
1848,2022-07-23,24.90322580645161
1849,2022-07-24,24.580645161290327
1850,2022-07-25,24.258064516129032
1851,2022-07-26,23.935483870967747
1852,2022-07-27,23.61290322580645
1853,2022-07-28,23.29032258064516
1854,2022-07-29,22.967741935483872
1855,2022-07-30,22.64516129032258
1856,2022-07-31,22.32258064516129
1857,2022-08-01,22.0
1858,2022-08-02,21.967741935483872
1859,2022-08-03,21.935483870967737
1860,2022-08-04,21.90322580645161
1861,2022-08-05,21.87096774193548
1862,2022-08-06,21.83870967741936
1863,2022-08-07,21.806451612903228
1864,2022-08-08,21.774193548387093
1865,2022-08-09,21.741935483870968
1866,2022-08-10,21.70967741935484
1867,2022-08-11,21.677419354838705
1868,2022-08-12,21.64516129032258
1869,2022-08-13,21.61290322580645
1870,2022-08-14,21.580645161290327
1871,2022-08-15,21.548387096774192
1872,2022-08-16,21.516129032258068
1873,2022-08-17,21.48387096774193
1874,2022-08-18,21.451612903225808
1875,2022-08-19,21.41935483870968
1876,2022-08-20,21.387096774193548
1877,2022-08-21,21.354838709677423
1878,2022-08-22,21.32258064516129
1879,2022-08-23,21.29032258064516
1880,2022-08-24,21.258064516129032
1881,2022-08-25,21.225806451612907
1882,2022-08-26,21.193548387096776
1883,2022-08-27,21.161290322580644
1884,2022-08-28,21.12903225806452
1885,2022-08-29,21.096774193548384
1886,2022-08-30,21.06451612903226
1887,2022-08-31,21.032258064516128
1888,2022-09-01,21.0
1889,2022-09-02,20.866666666666667
1890,2022-09-03,20.73333333333333
1891,2022-09-04,20.6
1892,2022-09-05,20.466666666666665
1893,2022-09-06,20.33333333333333
1894,2022-09-07,20.2
1895,2022-09-08,20.066666666666663
1896,2022-09-09,19.933333333333334
1897,2022-09-10,19.8
1898,2022-09-11,19.666666666666668
1899,2022-09-12,19.53333333333333
1900,2022-09-13,19.4
1901,2022-09-14,19.266666666666666
1902,2022-09-15,19.133333333333333
1903,2022-09-16,19.0
1904,2022-09-17,18.866666666666667
1905,2022-09-18,18.73333333333333
1906,2022-09-19,18.6
1907,2022-09-20,18.466666666666672
1908,2022-09-21,18.33333333333333
1909,2022-09-22,18.2
1910,2022-09-23,18.066666666666663
1911,2022-09-24,17.933333333333334
1912,2022-09-25,17.8
1913,2022-09-26,17.666666666666668
1914,2022-09-27,17.53333333333333
1915,2022-09-28,17.4
1916,2022-09-29,17.266666666666666
1917,2022-09-30,17.133333333333333
1918,2022-10-01,17.0
1919,2022-10-02,17.29032258064516
1920,2022-10-03,17.580645161290324
1921,2022-10-04,17.870967741935484
1922,2022-10-05,18.161290322580644
1923,2022-10-06,18.451612903225808
1924,2022-10-07,18.741935483870968
1925,2022-10-08,19.032258064516128
1926,2022-10-09,19.32258064516129
1927,2022-10-10,19.61290322580645
1928,2022-10-11,19.90322580645161
1929,2022-10-12,20.193548387096776
1930,2022-10-13,20.48387096774193
1931,2022-10-14,20.774193548387093
1932,2022-10-15,21.064516129032253
1933,2022-10-16,21.354838709677423
1934,2022-10-17,21.64516129032258
1935,2022-10-18,21.935483870967747
1936,2022-10-19,22.225806451612907
1937,2022-10-20,22.516129032258068
1938,2022-10-21,22.806451612903228
1939,2022-10-22,23.096774193548388
1940,2022-10-23,23.387096774193548
1941,2022-10-24,23.677419354838708
1942,2022-10-25,23.967741935483872
1943,2022-10-26,24.258064516129032
1944,2022-10-27,24.548387096774192
1945,2022-10-28,24.83870967741936
1946,2022-10-29,25.12903225806452
1947,2022-10-30,25.41935483870968
1948,2022-10-31,25.70967741935484
1949,2022-11-01,26.0
1950,2022-11-02,25.73333333333333
1951,2022-11-03,25.466666666666665
1952,2022-11-04,25.2
1953,2022-11-05,24.93333333333333
1954,2022-11-06,24.66666666666667
1955,2022-11-07,24.4
1956,2022-11-08,24.13333333333333
1957,2022-11-09,23.86666666666667
1958,2022-11-10,23.6
1959,2022-11-11,23.33333333333333
1960,2022-11-12,23.066666666666663
1961,2022-11-13,22.8
1962,2022-11-14,22.53333333333333
1963,2022-11-15,22.266666666666666
1964,2022-11-16,22.0
1965,2022-11-17,21.73333333333333
1966,2022-11-18,21.466666666666672
1967,2022-11-19,21.2
1968,2022-11-20,20.933333333333334
1969,2022-11-21,20.666666666666668
1970,2022-11-22,20.4
1971,2022-11-23,20.133333333333333
1972,2022-11-24,19.866666666666667
1973,2022-11-25,19.6
1974,2022-11-26,19.33333333333333
1975,2022-11-27,19.066666666666663
1976,2022-11-28,18.8
1977,2022-11-29,18.533333333333328
1978,2022-11-30,18.266666666666666
1979,2022-12-01,18.0
1980,2022-12-02,18.06451612903226
1981,2022-12-03,18.12903225806452
1982,2022-12-04,18.193548387096776
1983,2022-12-05,18.258064516129032
1984,2022-12-06,18.32258064516129
1985,2022-12-07,18.387096774193548
1986,2022-12-08,18.451612903225808
1987,2022-12-09,18.516129032258068
1988,2022-12-10,18.580645161290324
1989,2022-12-11,18.645161290322577
1990,2022-12-12,18.70967741935484
1991,2022-12-13,18.774193548387093
1992,2022-12-14,18.83870967741936
1993,2022-12-15,18.90322580645161
1994,2022-12-16,18.967741935483872
1995,2022-12-17,19.032258064516128
1996,2022-12-18,19.096774193548384
1997,2022-12-19,19.161290322580644
1998,2022-12-20,19.225806451612907
1999,2022-12-21,19.29032258064516
2000,2022-12-22,19.354838709677423
2001,2022-12-23,19.41935483870968
2002,2022-12-24,19.48387096774193
2003,2022-12-25,19.548387096774192
2004,2022-12-26,19.61290322580645
2005,2022-12-27,19.677419354838708
2006,2022-12-28,19.741935483870968
2007,2022-12-29,19.806451612903224
2008,2022-12-30,19.870967741935484
2009,2022-12-31,19.935483870967747
2010,2023-01-01,20.0
2011,2023-01-02,19.967741935483872
2012,2023-01-03,19.93548387096774
2013,2023-01-04,19.90322580645161
2014,2023-01-05,19.870967741935484
2015,2023-01-06,19.83870967741936
2016,2023-01-07,19.806451612903224
2017,2023-01-08,19.774193548387093
2018,2023-01-09,19.741935483870968
2019,2023-01-10,19.70967741935484
2020,2023-01-11,19.677419354838708
2021,2023-01-12,19.645161290322577
2022,2023-01-13,19.61290322580645
2023,2023-01-14,19.580645161290324
2024,2023-01-15,19.548387096774192
2025,2023-01-16,19.516129032258068
2026,2023-01-17,19.48387096774193
2027,2023-01-18,19.451612903225808
2028,2023-01-19,19.41935483870968
2029,2023-01-20,19.387096774193548
2030,2023-01-21,19.354838709677423
2031,2023-01-22,19.32258064516129
2032,2023-01-23,19.29032258064516
2033,2023-01-24,19.258064516129032
2034,2023-01-25,19.225806451612907
2035,2023-01-26,19.193548387096776
2036,2023-01-27,19.161290322580644
2037,2023-01-28,19.12903225806452
2038,2023-01-29,19.096774193548384
2039,2023-01-30,19.06451612903226
2040,2023-01-31,19.032258064516128
2041,2023-02-01,19.0
2042,2023-02-02,19.107142857142858
2043,2023-02-03,19.214285714285715
2044,2023-02-04,19.321428571428573
2045,2023-02-05,19.428571428571427
2046,2023-02-06,19.535714285714285
2047,2023-02-07,19.642857142857142
2048,2023-02-08,19.75
2049,2023-02-09,19.857142857142858
2050,2023-02-10,19.964285714285715
2051,2023-02-11,20.071428571428573
2052,2023-02-12,20.178571428571427
2053,2023-02-13,20.285714285714285
2054,2023-02-14,20.392857142857142
2055,2023-02-15,20.5
2056,2023-02-16,20.607142857142858
2057,2023-02-17,20.714285714285715
2058,2023-02-18,20.821428571428573
2059,2023-02-19,20.928571428571427
2060,2023-02-20,21.035714285714285
2061,2023-02-21,21.142857142857142
2062,2023-02-22,21.25
2063,2023-02-23,21.357142857142858
2064,2023-02-24,21.464285714285715
2065,2023-02-25,21.57142857142857
2066,2023-02-26,21.678571428571423
2067,2023-02-27,21.785714285714285
2068,2023-02-28,21.892857142857142
